PERID,GENDER,COUNTRY_OF_BIRTH,NATIONALITY,RESIGN_DATE,RESIGNED,RESIGNATION_MTH,RESIGNATION_QTR,RESIGNATION_YEAR,AGE,AGE_GROUPING,MARITAL_STATUS,RANK_GRADE,RANK_GROUPING,YEARS_IN_GRADE,STATUS,EMPLOYEE_GROUP,PARENT_SERVICE,SERVICE_SUB_AREA,SERVICE_TYPE,YEARS_OF_SERVICE,VOC,UNIT,NO_OF_KIDS,MIN_CHILD_AGE,AVE_CHILD_AGE,HSP_ESTABLISHMENT,HSP_CERTIFICATE,HSP_CERT_RANK,HSP_CERT_DESC,UPGRADED_LAST_3_YRS,UPGRADED_CERT_3_YRS,UPGRADED_CERT_DESC_3_YRS,MARRIED_WITHIN_2_YEARS,DIVORCE_WITHIN_2_YEARS,DIVORCE_REMARRIED_WITHIN_2_YEARS,PROMO_LAST_5_YRS,PROMO_LAST_4_YRS,PROMO_LAST_3_YRS,PROMO_LAST_2_YRS,PROMO_LAST_1_YR,UNIT_CHG_LAST_3_YRS,UNIT_CHG_LAST_2_YRS,UNIT_CHG_LAST_1_YR,AWARDS_RECEIVED,HOUSING_TYPE,HOUSING_GROUP,HOUSING_RANK,PREV_HOUSING_TYPE,MOVE_HOUSE_T_2,HOUSE_UPG_DGRD,IPPT_SCORE,PES_SCORE,HOMETOWORKDIST,SVC_INJURY_TYPE,TOT_PERC_INC_LAST_1_YR,BAS_PERC_INC_LAST_1_YR
10000002,Male,Singapore,Singaporean,02/05/2012,1,5,Q2,2012,47,40 and Above,Marr.,RANK 22,MIDDLE ME,2,WITHDRAWN,MILITARY REGULARS,SERVICE B,SERVICE B,MDES,16.75,VOCATION 18,UNIT 157,2,17,18.5,Diploma,Diploma,6,TECHNICIAN DIPLOMA IN MECHANICAL ENGINEERING,NO,NONE,NONE,NO,NO,NO,1,1,0,0,0,YES,NO,NO,1,4-ROOM,PUBLIC,4,EXECUTIVE,YES,-2,1,3,7.17,0,-8.451437253,-15.07541308
10000004,Male,Singapore,Singaporean,NA,0,NA,NA,NA,52,40 and Above,Marr.,RANK 23,MIDDLE ME,3,ACTIVE,MILITARY REGULARS,SERVICE B,SERVICE B,MDES,34.58333333,VOCATION 12,UNIT 273,1,16,16,Secondary,GCE 'O' Level,4,GCE 'O' LEVEL,NO,NONE,NONE,NO,NO,NO,0,0,0,0,0,NO,NO,NO,7,PRIVATE NON-LANDED,PRIVATE,7,NONE,NO,0,1,4,5.22,0,-20.21329895,13.76169759
10000008,Male,Singapore,Singaporean,NA,0,NA,NA,NA,54,40 and Above,Marr.,RANK 22,MIDDLE ME,3,ACTIVE,MILITARY REGULARS,SERVICE D,SERVICE C,MDES,33.33333333,VOCATION 59,UNIT 185,2,26,26.5,Technical Education,ITE/Poly Certificate,5,MAINTENANCE FITTING,NO,NONE,NONE,NO,NO,NO,0,0,0,0,0,NO,NO,NO,2,3-ROOM,PUBLIC,3,PRIVATE NON-LANDED,YES,-4,3,1,17.23960153,0,-12.09059405,6.887772041
10000009,Male,Singapore,Singaporean,NA,0,NA,NA,NA,42,40 and Above,Marr.,RANK 22,MIDDLE ME,3,ACTIVE,MILITARY REGULARS,SERVICE A,SERVICE A,MDES,23.16666667,VOCATION 236,UNIT 345,2,10,13,Secondary,GCE 'O' Level,4,GCE 'O' LEVEL,NO,NONE,NONE,NO,NO,NO,1,1,0,0,0,YES,YES,NO,3,EXECUTIVE,PUBLIC,6,NONE,NO,0,0,3,15.59,0,-13.67287185,7.459021833
10000010,Male,Singapore,Singaporean,NA,0,NA,NA,NA,44,40 and Above,Marr.,RANK 17,MIDDLE OFFICER,5,ACTIVE,MILITARY REGULARS,SERVICE A,SERVICE A,PS (Mil),22,VOCATION 198,UNIT 326,1,13,13,University,Master,10,MASTER OF SCIENCE IN ENGINEERING SCIENCE,NO,NONE,NONE,NO,NO,NO,0,0,0,0,0,NO,NO,NO,2,PRIVATE NON-LANDED,PRIVATE,7,NONE,NO,0,1,3,13.63,0,-12.93448945,6.945134438
10000013,Male,Singapore,Singaporean,NA,0,NA,NA,NA,42,40 and Above,Single,RANK 22,MIDDLE ME,3,ACTIVE,MILITARY REGULARS,SERVICE A,SERVICE A,MDES,20.91666667,VOCATION 236,UNIT 265,0,0,0,Diploma,Diploma,6,DIPLOMA IN MECHANICAL ENGINEERING,YES,Diploma,SPECIALIST DIPLOMA IN LEARNING SCIENCE,NO,NO,NO,1,0,0,0,0,YES,YES,YES,1,4-ROOM,PUBLIC,4,NONE,NO,0,0,3,17.23960153,1,-15.17482586,6.679464225
10000014,Male,Singapore,Singaporean,NA,0,NA,NA,NA,41,40 and Above,Marr.,RANK 38,SENIOR OFFICER,1,ACTIVE,MILITARY REGULARS,SERVICE A,SERVICE A,SAVER-EOS,22.66666667,VOCATION 203,UNIT 257,3,10,11,University,Honours Degree,9,BACHELOR OF SCIENCE (FIRST CLASS HONOURS),NO,NONE,NONE,NO,NO,NO,1,1,1,1,0,YES,YES,YES,4,5-ROOM,PUBLIC,5,NONE,NO,0,0,3,28.03,0,-16.22250266,9.486130464
10000015,Male,Singapore,Singaporean,NA,0,NA,NA,NA,40,36 to 40,Marr.,RANK 38,SENIOR OFFICER,1,ACTIVE,MILITARY REGULARS,SERVICE B,SERVICE B,SAVER-EOS,21.33333333,VOCATION 252,UNIT 273,1,0,0,University,Pass Degree,8,BACHELOR OF BUSINESS (MERIT),NO,NONE,NONE,NO,NO,NO,1,1,1,1,0,YES,YES,NO,4,PRIVATE NON-LANDED,PRIVATE,7,NONE,NO,0,2,5,18.05,0,-8.695512791,8.782021383
10000016,Male,Singapore,Singaporean,NA,0,NA,NA,NA,40,36 to 40,Single,RANK 10,SENIOR OFFICER,1,ACTIVE,MILITARY REGULARS,SERVICE E,SERVICE C,SAVER-EOS,19.91666667,VOCATION 121,UNIT 333,0,0,0,University,Honours Degree,9,BACHELOR OF SCIENCE (FIRST CLASS HONOURS),NO,NONE,NONE,NO,NO,NO,2,2,2,1,0,YES,YES,YES,4,4-ROOM,PUBLIC,4,NONE,NO,0,3,5,27.63,0,-14.49565526,11.63866434
10000018,Male,Singapore,Singaporean,NA,0,NA,NA,NA,40,36 to 40,Marr.,RANK 27,SENIOR ME,0,ACTIVE,MILITARY REGULARS,SERVICE A,SERVICE A,MDES,19.08333333,VOCATION 234,UNIT 336,2,12,13,Diploma,Diploma,6,DIPLOMA IN MARINE ENGINEERING,NO,NONE,NONE,NO,NO,NO,1,1,1,1,1,YES,YES,YES,2,5-ROOM,PUBLIC,5,NONE,NO,0,2,5,16.28,0,-19.70968209,5.707364401
10000020,Male,Singapore,Singaporean,NA,0,NA,NA,NA,41,40 and Above,Marr.,RANK 12,MIDDLE OFFICER,12,ACTIVE,MILITARY REGULARS,SERVICE B,SERVICE B,SAVER-EOS,21.16666667,VOCATION 179,UNIT 242,0,0,0,University,Pass Degree,8,BACHELOR OF SCIENCE IN COMPUTER SCIENCE WITH MANAGEMENT,NO,NONE,NONE,NO,NO,NO,0,0,0,0,0,YES,NO,NO,2,5-ROOM,PUBLIC,5,NONE,NO,0,2,5,24.67,0,-13.3164713,3.432760116
10000021,Male,Singapore,Singaporean,03/09/2012,1,9,Q3,2012,43,40 and Above,Single,RANK 10,SENIOR OFFICER,7,ACTIVE,NATIONAL SERVICEMEN,SERVICE E,SERVICE C,SAVER-EOS,24.5,VOCATION 68,UNIT 275,0,0,0,University,Master,10,MASTER OF ARTS,NO,NONE,NONE,NO,NO,NO,0,0,0,0,0,YES,NO,NO,5,PRIVATE NON-LANDED,PRIVATE,7,NONE,NO,0,3,4,2.87,0,22.03582066,3.706480001
10000023,Male,Singapore,Singaporean,NA,0,NA,NA,NA,43,40 and Above,Marr.,RANK 22,MIDDLE ME,3,ACTIVE,MILITARY REGULARS,SERVICE A,SERVICE A,MDES,16.16666667,VOCATION 236,UNIT 412,1,19,19,Diploma,Diploma,6,DIPLOMA IN ELECTRONIC ENGINEERING,NO,NONE,NONE,NO,NO,NO,1,0,0,0,0,YES,NO,NO,1,4-ROOM,PUBLIC,4,NONE,NO,0,0,3,0,0,-7.5515867,7.074282479
10000024,Male,Singapore,Singaporean,NA,0,NA,NA,NA,42,40 and Above,Marr.,RANK 21,JUNIOR ME,3,ACTIVE,MILITARY REGULARS,SERVICE D,SERVICE C,MDES,22.33333333,VOCATION 59,UNIT 136,2,0,0,Diploma,Diploma,6,DIPLOMA IN MECHATRONICS,NO,NONE,NONE,NO,NO,NO,0,0,0,0,0,YES,YES,NO,2,4-ROOM,PUBLIC,4,NONE,NO,0,3,4,24.14,0,-14.21542264,8.256869716
10000025,Male,Singapore,Singaporean,NA,0,NA,NA,NA,41,40 and Above,Marr.,RANK 22,MIDDLE ME,2,ACTIVE,MILITARY REGULARS,SERVICE D,SERVICE A,MDES,22.75,,,,,,,,,,,,,,,,,,,,,,,,,,,,,,,,,,,,
10000026,Male,Singapore,Singaporean,NA,0,NA,NA,NA,42,40 and Above,Marr.,RANK 10,SENIOR OFFICER,1,ACTIVE,MILITARY REGULARS,SERVICE D,SERVICE C,SAVER-EOS,21.91666667,VOCATION 121,UNIT 155,2,10,11,University,Pass Degree,8,BACHELOR OF BUSINESS ADMINISTRATION,NO,NONE,NONE,NO,NO,NO,2,2,1,1,0,YES,YES,NO,5,PRIVATE NON-LANDED,PRIVATE,7,NONE,NO,0,3,4,8.41,0,-18.11428936,8.59628262
10000028,Male,Singapore,Singaporean,01/03/2013,1,3,Q1,2013,44,40 and Above,Marr.,RANK 27,SENIOR ME,2,ACTIVE,NATIONAL SERVICEMEN,SERVICE D,SERVICE C,MDES,19.83333333,VOCATION 59,UNIT 135,2,13,14.5,University,Master,10,MASTER OF BUSINESS ADMINISTRATION,NO,NONE,NONE,NO,NO,NO,0,0,0,0,0,YES,YES,NO,1,PRIVATE NON-LANDED,PRIVATE,7,NONE,NO,0,2,3,18.95,0,-14.63832005,5.416719209
10000029,Male,Singapore,Singaporean,NA,0,NA,NA,NA,45,40 and Above,Marr.,RANK 22,MIDDLE ME,1,ACTIVE,MILITARY REGULARS,SERVICE B,SERVICE B,MDES,22.16666667,VOCATION 12,UNIT 109,1,13,13,Diploma,Diploma,6,DIPLOMA IN MECHANICAL ENGINEERING,NO,NONE,NONE,NO,NO,NO,1,1,1,1,0,YES,YES,NO,2,EXECUTIVE,PUBLIC,6,NONE,NO,0,0,3,9.97,0,-12.38786452,9.219741685
10000030,Male,Singapore,Singaporean,NA,0,NA,NA,NA,45,40 and Above,Marr.,RANK 17,MIDDLE OFFICER,0,ACTIVE,MILITARY REGULARS,SERVICE B,SERVICE B,Full CPF (SAVER-EOS),21.83333333,VOCATION 179,UNIT 280,3,7,12,Pre University,GCE 'A' Level,6,GCE 'A' LEVEL,NO,NONE,NONE,NO,NO,NO,1,1,1,1,1,YES,YES,NO,6,LANDED,PRIVATE,8,NONE,NO,0,1,4,17.14,0,-16.46792621,4.980236266
10000031,Male,Singapore,Singaporean,NA,0,NA,NA,NA,49,40 and Above,Marr.,RANK 22,MIDDLE ME,3,ACTIVE,MILITARY REGULARS,SERVICE D,SERVICE C,MDES,31.83333333,VOCATION 59,UNIT 241,3,10,14.66666667,Technical Education,ITE/Poly Certificate,5,METAL MACHINING,NO,NONE,NONE,NO,NO,NO,0,0,0,0,0,YES,NO,NO,4,5-ROOM,PUBLIC,5,NONE,NO,0,1,1,12.27,0,-12.71559329,7.019397143
10000032,Male,Singapore,Singaporean,01/09/2013,1,9,Q3,2013,45,40 and Above,Marr.,RANK 17,MIDDLE OFFICER,3,ACTIVE,NATIONAL SERVICEMEN,SERVICE B,SERVICE B,Full CPF (SAVER-EOS),24.16666667,VOCATION 251,UNIT 260,2,8,11.5,Diploma,Diploma,6,DIPLOMA IN MANUFACTURING ENGINEERING,NO,NONE,NONE,NO,NO,NO,1,1,0,0,0,NO,NO,NO,1,LANDED,PRIVATE,8,NONE,NO,0,3,5,23.46,0,-9.151753591,10.9482137
10000034,Male,Singapore,Singaporean,NA,0,NA,NA,NA,46,40 and Above,Marr.,RANK 10,SENIOR OFFICER,4,ACTIVE,MILITARY REGULARS,SERVICE E,SERVICE C,Full CPF (SAVER-EOS),25.91666667,VOCATION 96,UNIT 333,2,15,16,Diploma,Diploma,6,DIPLOMA IN MANUFACTURING ENGINEERING,YES,Qualification From Professional Bodies,ADVANCED COURSE IN LEARNING SCIENCE,NO,NO,NO,1,0,0,0,0,YES,YES,YES,6,5-ROOM,PUBLIC,5,PRIVATE NON-LANDED,YES,-2,3,5,17.81,1,-16.58047687,4.517835209
10000036,Male,Singapore,Singaporean,01/07/2013,1,7,Q3,2013,48,40 and Above,Marr.,RANK 18,MIDDLE OFFICER,11,ACTIVE,NATIONAL SERVICEMEN,SERVICE B,SERVICE B,Full CPF (SAVER-EOS),26.83333333,VOCATION 252,UNIT 20,1,10,10,University,Honours Degree,9,BACHELOR OF ENGINEERING (SECOND CLASS HONOURS (LOWER)),NO,NONE,NONE,NO,NO,NO,0,0,0,0,0,NO,NO,NO,3,LANDED,PRIVATE,8,NONE,NO,0,2,3,8.56,0,1.983524734,5.000977845
10000037,Male,Singapore,Singaporean,NA,0,NA,NA,NA,48,40 and Above,Marr.,RANK 38,SENIOR OFFICER,2,ACTIVE,MILITARY REGULARS,SERVICE D,SERVICE C,Full CPF (SAVER-EOS),25.66666667,VOCATION 68,UNIT 422,3,11,16.66666667,Pre University,GCE 'A' Level,6,GCE 'A' LEVEL,NO,NONE,NONE,NO,NO,NO,1,1,1,0,0,NO,NO,NO,1,EXECUTIVE,PUBLIC,6,NONE,NO,0,3,3,25.08,0,-7.681247205,7.328379745
10000039,Male,Singapore,Singaporean,NA,0,NA,NA,NA,46,40 and Above,Marr.,RANK 5,MIDDLE WOSE,6,ACTIVE,MILITARY REGULARS,SERVICE B,SERVICE C,PP-EWOS,28.66666667,VOCATION 275,UNIT 244,2,10,15,Technical Education,ITE/Poly Certificate,5,BUSINESS AND COMMERCE,NO,NONE,NONE,NO,NO,NO,0,0,0,0,0,NO,NO,NO,1,4-ROOM,PUBLIC,4,NONE,NO,0,1,3,10.04,0,-33.26718518,-24.00272632
10000040,Male,Singapore,Singaporean,NA,0,NA,NA,NA,49,40 and Above,Marr.,RANK 22,MIDDLE ME,3,ACTIVE,MILITARY REGULARS,SERVICE B,SERVICE C,MDES,28.83333333,VOCATION 59,UNIT 95,2,10,11.5,Secondary,GCE 'O' Level,4,GCE 'O' LEVEL,NO,NONE,NONE,NO,NO,NO,0,0,0,0,0,NO,NO,NO,1,5-ROOM,PUBLIC,5,NONE,NO,0,1,3,8.69,0,-0.732182946,6.62530406
10000041,Male,Singapore,Singaporean,01/07/2010,1,7,Q3,2010,42,40 and Above,Marr.,RANK 34,SENIOR OFFICER,2,ACTIVE,NATIONAL SERVICEMEN,SERVICE A,SERVICE A,SAVER-EOS,24.33333333,VOCATION 203,UNIT 296,1,15,15,University,Master,10,MASTER OF SCIENCE,NO,NONE,NONE,NO,NO,NO,1,1,0,0,0,YES,YES,YES,6,PRIVATE NON-LANDED,PRIVATE,7,NONE,NO,0,2,4,2.25,0,0,0
10000042,Male,Singapore,Singaporean,NA,0,NA,NA,NA,46,40 and Above,Marr.,RANK 22,MIDDLE ME,3,ACTIVE,MILITARY REGULARS,SERVICE D,SERVICE C,MDES,29.83333333,VOCATION 59,UNIT 241,2,19,20,Technical Education,ITE/Poly Certificate,5,GENERAL FITTING,NO,NONE,NONE,NO,NO,NO,0,0,0,0,0,NO,NO,NO,9,EXECUTIVE,PUBLIC,6,NONE,NO,0,3,4,0,0,-4.594734512,7.046338314
10000043,Male,Singapore,Singaporean,NA,0,NA,NA,NA,45,40 and Above,Marr.,RANK 22,MIDDLE ME,2,ACTIVE,MILITARY REGULARS,SERVICE D,SERVICE C,MDES,22.41666667,VOCATION 59,UNIT 136,1,13,13,Secondary,GCE 'N' Level,3,GCE 'N' LEVEL,NO,NONE,NONE,NO,NO,NO,1,1,1,0,0,NO,NO,NO,1,PRIVATE NON-LANDED,PRIVATE,7,NONE,NO,0,0,3,9.94,0,-11.55594457,10.14343181
10000045,Male,Singapore,Singaporean,NA,0,NA,NA,NA,45,40 and Above,Single,RANK 27,SENIOR ME,3,ACTIVE,MILITARY REGULARS,SERVICE A,SERVICE A,MDES,25.16666667,VOCATION 234,UNIT 274,0,0,0,University,Master,10,MASTER OF BUSINESS ADMINISTRATION,NO,NONE,NONE,NO,NO,NO,0,0,0,0,0,YES,NO,NO,1,PRIVATE NON-LANDED,PRIVATE,7,PRIVATE NON-LANDED,YES,0,3,4,7.14,0,-9.942671188,7.514052738
10000046,Male,Singapore,Singaporean,NA,0,NA,NA,NA,48,40 and Above,Marr.,RANK 18,MIDDLE OFFICER,12,ACTIVE,MILITARY REGULARS,SERVICE A,SERVICE A,Full CPF (SAVER-EOS),28.41666667,VOCATION 203,UNIT 265,1,11,11,University,Pass Degree,8,BACHELOR OF BUSINESS,YES,Qualification From Professional Bodies,ADVANCED COURSE IN LEARNING SCIENCE,NO,NO,NO,0,0,0,0,0,YES,YES,YES,2,EXECUTIVE,PUBLIC,6,NONE,NO,0,1,5,31.63,0,2.765167776,4.999526907
10000047,Male,Singapore,Singaporean,NA,0,NA,NA,NA,48,40 and Above,Marr.,RANK 18,MIDDLE OFFICER,7,ACTIVE,MILITARY REGULARS,SERVICE D,SERVICE C,Full CPF (SAVER-EOS),26.91666667,VOCATION 127,UNIT 229,3,11,15.33333333,Pre University,GCE 'A' Level,6,GCE 'A' LEVEL,NO,NONE,NONE,NO,NO,NO,0,0,0,0,0,NO,NO,NO,1,5-ROOM,PUBLIC,5,NONE,NO,0,1,3,25.44,0,13.81135453,4.992789915
10000048,Male,Singapore,Singaporean,NA,0,NA,NA,NA,45,40 and Above,Marr.,RANK 38,SENIOR OFFICER,3,ACTIVE,MILITARY REGULARS,SERVICE E,SERVICE C,Full CPF (SAVER-EOS),22.66666667,VOCATION 262,UNIT 207,2,11,12.5,University,Master,10,MASTER OF SCIENCE,NO,NONE,NONE,NO,NO,NO,1,1,0,0,0,YES,YES,YES,3,PRIVATE NON-LANDED,PRIVATE,7,NONE,NO,0,0,4,16.73,0,-17.64165986,6.903243174
10000049,Male,Singapore,Singaporean,NA,0,NA,NA,NA,47,40 and Above,Marr.,RANK 22,MIDDLE ME,3,ACTIVE,MILITARY REGULARS,SERVICE D,SERVICE C,MDES,29.83333333,VOCATION 59,UNIT 330,2,13,13.5,Diploma,Diploma,6,DIPLOMA IN MECHANICAL ENGINEERING,NO,NONE,NONE,NO,NO,NO,0,0,0,0,0,NO,NO,NO,2,5-ROOM,PUBLIC,5,NONE,NO,0,2,1,11.02,0,-20.0235972,11.36205745
10000050,Male,Singapore,Singaporean,NA,0,NA,NA,NA,46,40 and Above,Single,RANK 2,MIDDLE WOSE,2,ACTIVE,MILITARY REGULARS,SERVICE D,SERVICE C,PP-EWOS,28.41666667,VOCATION 2,UNIT 232,0,0,0,Diploma,Diploma,6,DIPLOMA IN BUSINESS MANAGEMENT,NO,NONE,NONE,NO,NO,NO,1,1,1,0,0,NO,NO,NO,4,3-ROOM,PUBLIC,3,5-ROOM,YES,-2,2,3,32.92,0,-30.57995,-21.41861606
10000054,Male,Singapore,Singaporean,NA,0,NA,NA,NA,44,40 and Above,Marr.,RANK 5,MIDDLE WOSE,5,ACTIVE,MILITARY REGULARS,SERVICE A,SERVICE A,PP-EWOS,24.66666667,VOCATION 196,UNIT 394,2,16,17.5,Secondary,GCE 'O' Level,4,GCE 'O' LEVEL,NO,NONE,NONE,NO,NO,NO,0,0,0,0,0,NO,NO,NO,1,EXECUTIVE,PUBLIC,6,NONE,NO,0,3,4,24.55,0,-25.46573733,-21.19115812
10000057,Male,Singapore,Singaporean,NA,0,NA,NA,NA,44,40 and Above,Marr.,RANK 38,SENIOR OFFICER,0,ACTIVE,MILITARY REGULARS,SERVICE D,SERVICE C,SAVER-EOS,23.41666667,VOCATION 127,UNIT 236,1,7,7,University,Master,10,MASTER OF BUSINESS ADMINISTRATION,NO,NONE,NONE,NO,NO,NO,1,1,1,1,1,YES,YES,YES,5,PRIVATE NON-LANDED,PRIVATE,7,NONE,NO,0,2,4,18.34,0,-22.02833385,7.093333309
10000059,Male,Singapore,Singaporean,NA,0,NA,NA,NA,41,40 and Above,Marr.,RANK 22,MIDDLE ME,3,ACTIVE,MILITARY REGULARS,SERVICE A,SERVICE A,MDES,22.83333333,VOCATION 236,UNIT 44,3,2,8.333333333,Secondary,GCE 'O' Level,4,GCE 'O' LEVEL,NO,NONE,NONE,NO,NO,NO,0,0,0,0,0,YES,YES,NO,1,5-ROOM,PUBLIC,5,5-ROOM,YES,0,1,3,38.24,0,-13.67432991,7.344064623
10000061,Male,Singapore,Singaporean,01/10/2012,1,10,Q4,2012,41,40 and Above,Marr.,RANK 18,MIDDLE OFFICER,10,ACTIVE,NATIONAL SERVICEMEN,SERVICE D,SERVICE C,SAVER-EOS,20.08333333,VOCATION 127,UNIT 229,2,7,8.5,University,Honours Degree,9,BACHELOR OF ENGINEERING (SECOND CLASS HONOURS (UPPER)),NO,NONE,NONE,NO,NO,NO,0,0,0,0,0,NO,NO,NO,1,EXECUTIVE,PUBLIC,6,NONE,NO,0,0,3,4.45,0,35.18357245,2.5
10000063,Male,Singapore,Singaporean,NA,0,NA,NA,NA,42,40 and Above,Marr.,RANK 22,MIDDLE ME,3,ACTIVE,MILITARY REGULARS,SERVICE C,SERVICE C,MDES,22.16666667,VOCATION 157,UNIT 40,2,11,12.5,Secondary,GCE 'O' Level,4,GCE 'O' LEVEL,NO,NONE,NONE,NO,NO,NO,0,0,0,0,0,NO,NO,NO,2,EXECUTIVE,PUBLIC,6,NONE,NO,0,2,3,21.67,0,-5.419876947,6.565519539
10000064,Male,Singapore,Singaporean,NA,0,NA,NA,NA,43,40 and Above,Single,RANK 21,JUNIOR ME,3,ACTIVE,MILITARY REGULARS,SERVICE B,SERVICE B,MDES,22.08333333,VOCATION 12,UNIT 110,0,0,0,Secondary,GCE 'O' Level,4,GCE 'O' LEVEL,NO,NONE,NONE,NO,NO,NO,1,0,0,0,0,YES,YES,NO,3,5-ROOM,PUBLIC,5,NONE,NO,0,1,3,20.18,0,-7.025103981,7.826870761
10000067,Male,Singapore,Singaporean,NA,0,NA,NA,NA,42,40 and Above,Marr.,RANK 17,MIDDLE OFFICER,4,ACTIVE,MILITARY REGULARS,SERVICE C,SERVICE B,SAVER-EOS,24.33333333,VOCATION 252,UNIT 297,0,0,0,University,Master,10,MASTER OF SCIENCE,YES,Qualification From Professional Bodies,ADVANCED COURSE IN LEARNING SCIENCE,NO,NO,NO,1,0,0,0,0,NO,NO,NO,1,PRIVATE NON-LANDED,PRIVATE,7,NONE,NO,0,1,3,13.31,0,-9.182533542,10.63083606
10000069,Male,Singapore,Singaporean,NA,0,NA,NA,NA,40,36 to 40,Marr.,RANK 26,SENIOR ME,3,ACTIVE,MILITARY REGULARS,SERVICE C,SERVICE B,MDES,20.25,VOCATION 11,UNIT 291,3,3,10.33333333,University,Pass Degree,8,BACHELOR OF SCIENCE IN INFO-COMM TECHNOLOGY WITH MILITARY STUDIES,YES,Pass Degree,BACHELOR OF SCIENCE IN INFO-COMM TECHNOLOGY WITH MILITARY STUDIES,NO,NO,NO,0,0,0,0,0,YES,YES,YES,3,4-ROOM,PUBLIC,4,NONE,NO,0,1,3,23.03,0,-12.9548358,7.209790861
10000070,Male,Singapore,Singaporean,NA,0,NA,NA,NA,41,40 and Above,Marr.,RANK 17,MIDDLE OFFICER,2,ACTIVE,MILITARY REGULARS,SERVICE D,SERVICE C,SAVER-EOS,22.66666667,VOCATION 121,UNIT 261,3,2,8,University,Pass Degree,8,BACHELOR OF BUSINESS ADMINISTRATION,NO,NONE,NONE,NO,NO,NO,1,1,1,0,0,NO,NO,NO,2,PRIVATE NON-LANDED,PRIVATE,7,NONE,NO,0,2,4,12.89,0,-17.34898732,10.78448839
10000071,Male,Singapore,Singaporean,12/05/2010,1,5,Q2,2010,36,36 to 40,Marr.,RANK 5,MIDDLE WOSE,1,WITHDRAWN,NATIONAL SERVICEMEN,SERVICE A,SERVICE A,Premium Plan 2,17.16666667,VOCATION 187,UNIT 368,1,4,4,Technical Education,ITE/Poly Certificate,5,ELECTRONICS,NO,NONE,NONE,NO,NO,NO,2,1,1,1,0,YES,YES,NO,1,4-ROOM,PUBLIC,4,NONE,NO,0,1,4,24.55,0,0,0
10000074,Male,Singapore,Singaporean,NA,0,NA,NA,NA,49,40 and Above,Single,RANK 22,MIDDLE ME,3,ACTIVE,MILITARY REGULARS,SERVICE D,SERVICE C,MDES,26.66666667,VOCATION 59,UNIT 304,0,0,0,Secondary,GCE 'O' Level,4,NOT AVAILABLE,NO,NONE,NONE,NO,NO,NO,0,0,0,0,0,NO,NO,NO,1,4-ROOM,PUBLIC,4,NONE,NO,0,1,5,17.23960153,0,-17.15235257,6.528502466
10000076,Male,Singapore,Singaporean,NA,0,NA,NA,NA,50,40 and Above,Marr.,RANK 31,SENIOR WOSE,2,ACTIVE,MILITARY REGULARS,SERVICE D,SERVICE C,PP-EWOS,33.33333333,VOCATION 125,UNIT 229,3,15,17,Secondary,GCE 'O' Level,4,NOT AVAILABLE,NO,NONE,NONE,NO,NO,NO,1,1,1,0,0,YES,YES,NO,2,EXECUTIVE,PUBLIC,6,NONE,NO,0,2,1,18.01,0,-35.81452796,-22.80297209
10000077,Male,Singapore,Singaporean,NA,0,NA,NA,NA,49,40 and Above,Marr.,RANK 23,MIDDLE ME,3,ACTIVE,MILITARY REGULARS,SERVICE D,SERVICE C,MDES,29.33333333,VOCATION 168,UNIT 150,4,15,21,Secondary,GCE 'O' Level,4,GCE 'O' LEVEL,YES,Qualification From Professional Bodies,SPECIALIST CERTIFICATE IN LEARNING AND INSTRUCTION,NO,NO,NO,0,0,0,0,0,YES,YES,YES,7,5-ROOM,PUBLIC,5,NONE,NO,0,1,3,21.12,0,-19.56290967,7.537523152
10000078,Male,Singapore,Singaporean,NA,0,NA,NA,NA,53,40 and Above,Divorc,RANK 22,MIDDLE ME,3,ACTIVE,MILITARY REGULARS,SERVICE C,SERVICE C,MDES,34.58333333,VOCATION 154,UNIT 222,2,17,19,Diploma,Diploma,6,DIPLOMA IN PERSONNEL MANAGEMENT,NO,NONE,NONE,NO,NO,NO,0,0,0,0,0,NO,NO,NO,5,4-ROOM,PUBLIC,4,NONE,NO,0,1,3,8.33,0,-7.796319815,5.962875739
10000080,Male,Singapore,Singaporean,01/12/2012,1,12,Q4,2012,54,40 and Above,Marr.,RANK 22,MIDDLE ME,2,WITHDRAWN,MILITARY REGULARS,SERVICE B,SERVICE B,MDES,35.66666667,VOCATION 31,UNIT 52,1,27,27,Secondary,GCE 'O' Level,4,GCE 'O' LEVEL,NO,NONE,NONE,NO,NO,NO,0,0,0,0,0,NO,NO,NO,2,5-ROOM,PUBLIC,5,PRIVATE NON-LANDED,YES,-2,0,3,8.64,0,-9.821118787,-16.66475942
10000082,Male,Singapore,Singaporean,NA,0,NA,NA,NA,54,40 and Above,Marr.,RANK 22,MIDDLE ME,3,ACTIVE,MILITARY REGULARS,SERVICE C,SERVICE C,MDES,36.58333333,VOCATION 154,UNIT 224,2,29,31,Diploma,Diploma,6,DIPLOMA IN SUPERVISORY MANAGEMENT,NO,NONE,NONE,NO,NO,NO,0,0,0,0,0,NO,NO,NO,4,5-ROOM,PUBLIC,5,NONE,NO,0,2,3,17.23960153,0,-15.00013734,5.836272717
10000083,Male,Singapore,Singaporean,NA,0,NA,NA,NA,41,40 and Above,Marr.,RANK 17,MIDDLE OFFICER,2,ACTIVE,MILITARY REGULARS,SERVICE B,SERVICE B,SAVER-EOS,22.25,VOCATION 251,UNIT 10,1,6,6,University,Master,10,MASTER OF SCIENCE IN COMBAT SYSTEMS SCIENCES & TECHNOLOGY (WITH DISTINCTION),NO,NONE,NONE,NO,NO,NO,1,1,1,0,0,YES,YES,YES,1,PRIVATE NON-LANDED,PRIVATE,7,NONE,NO,0,2,3,23.21,1,-8.102120802,11.20488969
10000084,Male,Singapore,Singaporean,NA,0,NA,NA,NA,44,40 and Above,Marr.,RANK 21,JUNIOR ME,3,ACTIVE,MILITARY REGULARS,SERVICE D,SERVICE C,MDES,23.91666667,VOCATION 59,UNIT 304,1,11,11,Technical Education,ITE/Poly Certificate,5,MOTOR VEHICLE MECHANICAL,NO,NONE,NONE,NO,NO,NO,0,0,0,0,0,NO,NO,NO,2,4-ROOM,PUBLIC,4,NONE,NO,0,0,3,2.38,0,-0.707986503,7.495424877
10000085,Male,Singapore,Singaporean,NA,0,NA,NA,NA,42,40 and Above,Marr.,RANK 22,MIDDLE ME,2,ACTIVE,MILITARY REGULARS,SERVICE B,SERVICE B,MDES,23.91666667,VOCATION 12,UNIT 109,2,0,1.5,Secondary,GCE 'O' Level,4,GCE 'O' LEVEL,NO,NONE,NONE,NO,NO,NO,1,1,1,0,0,YES,YES,NO,1,5-ROOM,PUBLIC,5,NONE,NO,0,1,4,19.9,0,-19.40650979,9.963877041
10000086,Male,Singapore,Singaporean,NA,0,NA,NA,NA,44,40 and Above,Marr.,RANK 18,MIDDLE OFFICER,4,ACTIVE,MILITARY REGULARS,SERVICE B,SERVICE B,SAVER-EOS,21.5,VOCATION 299,UNIT 273,3,8,12,Diploma,Diploma,6,DIPLOMA IN ELECTRONIC ENGINEERING,NO,NONE,NONE,NO,NO,NO,1,0,0,0,0,YES,YES,NO,1,PRIVATE NON-LANDED,PRIVATE,7,NONE,NO,0,2,3,29.18,1,-10.68522762,10.24039119
10000087,Male,Singapore,Singaporean,02/08/2013,1,8,Q3,2013,41,40 and Above,Single,RANK 21,JUNIOR ME,3,WITHDRAWN,MILITARY REGULARS,SERVICE A,SERVICE A,MDES,22.66666667,VOCATION 236,UNIT 336,0,0,0,Secondary,GCE 'O' Level,4,GCE 'O' LEVEL,NO,NONE,NONE,NO,NO,NO,0,0,0,0,0,YES,YES,YES,3,3-ROOM,PUBLIC,3,NONE,NO,0,1,5,17.23960153,0,-0.093817273,7.487220647
10000088,Male,Singapore,Singaporean,NA,0,NA,NA,NA,43,40 and Above,Single,RANK 30,MIDDLE WOSE,6,ACTIVE,MILITARY REGULARS,SERVICE D,SERVICE C,PP-EWOS,20.66666667,VOCATION 275,UNIT 135,0,0,0,Technical Education,ITE/Poly Certificate,5,FOOD PRODUCTION,NO,NONE,NONE,NO,NO,NO,0,0,0,0,0,YES,YES,YES,1,4-ROOM,PUBLIC,4,NONE,NO,0,0,5,17.23960153,0,-29.05464738,-23.41965684
10000089,Male,Singapore,Singaporean,NA,0,NA,NA,NA,41,40 and Above,Marr.,RANK 22,MIDDLE ME,3,ACTIVE,MILITARY REGULARS,SERVICE B,SERVICE B,MDES,23.58333333,VOCATION 12,UNIT 115,0,0,0,Diploma,Diploma,6,DIPLOMA IN MECHANICAL ENGINEERING,NO,NONE,NONE,NO,NO,NO,0,0,0,0,0,YES,YES,NO,2,5-ROOM,PUBLIC,5,NONE,NO,0,3,4,12.15,0,6.812247232,6.913935138
10000090,Male,Singapore,Singaporean,01/08/2011,1,8,Q3,2011,39,36 to 40,Marr.,RANK 22,MIDDLE ME,1,WITHDRAWN,NATIONAL SERVICEMEN,SERVICE A,SERVICE A,MDES,12.66666667,VOCATION 236,UNIT 374,3,4,7.333333333,Secondary,GCE 'N' Level,3,GCE 'N' LEVEL,NO,NONE,NONE,NO,NO,NO,1,1,1,1,0,YES,YES,NO,1,EXECUTIVE,PUBLIC,6,NONE,NO,0,1,3,8.95,0,0,0
10000092,Male,Singapore,Singaporean,NA,0,NA,NA,NA,41,40 and Above,Marr.,RANK 31,SENIOR WOSE,0,ACTIVE,MILITARY REGULARS,SERVICE D,SERVICE C,PP-EWOS,22.83333333,VOCATION 125,UNIT 241,1,6,6,Technical Education,ITE/Poly Certificate,5,CERTIFICATE IN BUSINESS MANAGEMENT,YES,ITE/Poly Certificate,CERTIFICATE IN BUSINESS MANAGEMENT,NO,NO,NO,2,1,1,1,1,YES,YES,YES,5,4-ROOM,PUBLIC,4,NONE,NO,0,2,5,17.23960153,0,-27.79691137,-21.18809678
10000094,Male,Singapore,Singaporean,NA,0,NA,NA,NA,41,40 and Above,Marr.,RANK 18,MIDDLE OFFICER,7,ACTIVE,MILITARY REGULARS,SERVICE A,SERVICE A,SAVER-EOS,21.66666667,VOCATION 203,UNIT 258,2,4,5,Pre University,GCE 'A' Level,6,GCE 'A' LEVEL,NO,NONE,NONE,NO,NO,NO,0,0,0,0,0,YES,NO,NO,1,HUDC,PUBLIC,6,NONE,NO,0,1,4,22.56,0,-11.6384022,10.05242741
10000095,Male,Singapore,Singaporean,NA,0,NA,NA,NA,44,40 and Above,Marr.,RANK 18,MIDDLE OFFICER,7,ACTIVE,MILITARY REGULARS,SERVICE B,SERVICE B,SAVER-EOS,22.66666667,VOCATION 78,UNIT 273,1,6,6,Diploma,Diploma,6,DIPLOMA IN BUSINESS ADMINISTRATION,NO,NONE,NONE,NO,NO,NO,0,0,0,0,0,NO,NO,NO,1,5-ROOM,PUBLIC,5,NONE,NO,0,0,3,13.59,0,-22.4759754,9.896170768
10000096,Male,Singapore,Singaporean,NA,0,NA,NA,NA,42,40 and Above,Marr.,RANK 22,MIDDLE ME,3,ACTIVE,MILITARY REGULARS,SERVICE B,SERVICE B,MDES,24.58333333,VOCATION 12,UNIT 111,2,13,15,Diploma,Advanced Diploma,7,ADVANCED DIPLOMA IN AEROSPACE ENGINEERING & MANAGEMENT,NO,NONE,NONE,NO,NO,NO,0,0,0,0,0,YES,YES,YES,3,4-ROOM,PUBLIC,4,NONE,NO,0,2,3,21.69,0,-4.865977237,13.50190587
10000097,Male,Singapore,Singaporean,NA,0,NA,NA,NA,40,36 to 40,Marr.,RANK 18,MIDDLE OFFICER,8,ACTIVE,MILITARY REGULARS,SERVICE D,SERVICE D,SAVER-EOS,21.33333333,VOCATION 129,UNIT 215,2,6,8.5,University,Pass Degree,8,BACHELOR OF ENGINEERING,NO,NONE,NONE,NO,NO,NO,0,0,0,0,0,YES,YES,YES,1,5-ROOM,PUBLIC,5,NONE,NO,0,2,4,5.13,0,-10.92178983,10.0081122
10000098,Male,Singapore,Singaporean,NA,0,NA,NA,NA,40,36 to 40,Marr.,RANK 22,MIDDLE ME,0,ACTIVE,MILITARY REGULARS,SERVICE B,SERVICE B,MDES,22.58333333,VOCATION 12,UNIT 112,2,0,3.5,Diploma,Diploma,6,DIPLOMA IN MECHANICAL ENGINEERING,NO,NONE,NONE,NO,NO,NO,1,1,1,1,1,YES,YES,YES,2,4-ROOM,PUBLIC,4,NONE,NO,0,0,3,6.33,0,-18.12252382,6.133266696
10000099,Male,Singapore,Singaporean,NA,0,NA,NA,NA,40,36 to 40,Marr.,RANK 18,MIDDLE OFFICER,5,ACTIVE,MILITARY REGULARS,SERVICE D,SERVICE C,SAVER-EOS,15.25,VOCATION 109,UNIT 241,2,9,10,University,Pass Degree,8,BACHELOR OF BUSINESS ADMINISTRATION,NO,NONE,NONE,NO,NO,NO,0,0,0,0,0,YES,YES,NO,1,PRIVATE NON-LANDED,PRIVATE,7,EXECUTIVE,YES,1,2,1,17.23960153,0,-14.73853758,9.936281515
10000100,Male,Singapore,Singaporean,NA,0,NA,NA,NA,43,40 and Above,Marr.,RANK 17,MIDDLE OFFICER,3,ACTIVE,MILITARY REGULARS,SERVICE D,SERVICE B,SAVER-EOS,24.66666667,VOCATION 77,UNIT 388,2,4,11.5,University,Honours Degree,9,BACHELOR OF ENGINEERING (SECOND CLASS HONOURS (LOWER)),NO,NONE,NONE,NO,NO,NO,1,1,0,0,0,YES,NO,NO,2,5-ROOM,PUBLIC,5,NONE,NO,0,2,4,24.59,0,-11.25924699,10.94675692
10000104,Male,Singapore,Singaporean,NA,0,NA,NA,NA,45,40 and Above,Marr.,RANK 21,JUNIOR ME,3,ACTIVE,MILITARY REGULARS,SERVICE B,SERVICE B,MDES,3.916666667,VOCATION 18,UNIT 89,0,0,0,Diploma,Diploma,6,DIPLOMA IN ELECTRICAL ENGINEERING,NO,NONE,NONE,NO,NO,NO,0,0,0,0,0,YES,YES,NO,1,3-ROOM,PUBLIC,3,NONE,NO,0,0,3,22.79,0,-11.77226412,7.489157693
10000107,Male,Singapore,Singaporean,NA,0,NA,NA,NA,45,40 and Above,Marr.,RANK 18,MIDDLE OFFICER,11,ACTIVE,MILITARY REGULARS,SERVICE D,SERVICE C,Full CPF (SAVER-EOS),21.41666667,VOCATION 109,UNIT 190,2,3,5,University,Honours Degree,9,BACHELOR OF SCIENCE (THIRD CLASS HONOURS),NO,NONE,NONE,NO,NO,NO,0,0,0,0,0,NO,NO,NO,1,EXECUTIVE,PUBLIC,6,NONE,NO,0,0,3,21.51,1,-1.824427874,5.548442746
10000111,Male,Singapore,Singaporean,NA,0,NA,NA,NA,45,40 and Above,Marr.,RANK 22,MIDDLE ME,3,ACTIVE,MILITARY REGULARS,SERVICE B,SERVICE A,MDES,20.08333333,VOCATION 236,UNIT 20,3,12,14,Diploma,Diploma,6,DIPLOMA IN SUPERVISORY MANAGEMENT,YES,Diploma,SPECIALIST DIPLOMA IN LEARNING SCIENCE,NO,NO,NO,0,0,0,0,0,YES,YES,YES,1,5-ROOM,PUBLIC,5,NONE,NO,0,2,3,17.23960153,0,-0.655092668,6.79228272
10000112,Male,Singapore,Singaporean,NA,0,NA,NA,NA,46,40 and Above,Marr.,RANK 5,MIDDLE WOSE,7,ACTIVE,MILITARY REGULARS,SERVICE D,SERVICE C,PP-EWOS,22,VOCATION 112,UNIT 190,1,13,13,Secondary,GCE 'O' Level,4,GCE 'O' LEVEL,NO,NONE,NONE,NO,NO,NO,0,0,0,0,0,NO,NO,NO,1,4-ROOM,PUBLIC,4,NONE,NO,0,1,5,17.23960153,0,-27.08620717,-22.01976763
10000115,Male,Singapore,Singaporean,NA,0,NA,NA,NA,51,40 and Above,Marr.,RANK 23,MIDDLE ME,3,ACTIVE,MILITARY REGULARS,SERVICE E,COMMON,MDES,27.66666667,VOCATION 162,UNIT 314,2,17,19,Secondary,GCE 'O' Level,4,GCE 'O' LEVEL,NO,NONE,NONE,NO,NO,NO,0,0,0,0,0,NO,NO,NO,5,4-ROOM,PUBLIC,4,NONE,NO,0,1,3,17.23960153,0,-1.813128256,8.206029102
10000116,Male,Singapore,Singaporean,NA,0,NA,NA,NA,51,40 and Above,Marr.,RANK 23,MIDDLE ME,3,ACTIVE,MILITARY REGULARS,SERVICE C,SERVICE D,MDES,32.16666667,VOCATION 163,UNIT 222,3,21,23,Technical Education,ITE/Poly Certificate,5,TECHNICIAN CERTIFICATE IN MARITIME RADIOCOMMUNICATION,NO,NONE,NONE,NO,NO,NO,1,0,0,0,0,YES,NO,NO,6,5-ROOM,PUBLIC,5,NONE,NO,0,3,4,8.41,0,-1.039872904,7.337399585
10000117,Male,Singapore,Singaporean,NA,0,NA,NA,NA,52,40 and Above,Marr.,RANK 2,MIDDLE WOSE,13,ACTIVE,MILITARY REGULARS,SERVICE D,SERVICE C,PP-EWOS,34.83333333,VOCATION 70,UNIT 128,2,22,23.5,Secondary,GCE 'N' Level,3,GCE 'N' LEVEL,NO,NONE,NONE,NO,NO,NO,0,0,0,0,0,NO,NO,NO,3,5-ROOM,PUBLIC,5,NONE,NO,0,1,3,14.05,0,-29.94522965,-25.04310947
10000118,Male,Singapore,Singaporean,NA,0,NA,NA,NA,52,40 and Above,Marr.,RANK 31,SENIOR WOSE,2,ACTIVE,MILITARY REGULARS,SERVICE D,SERVICE C,PP-EWOS,30.66666667,VOCATION 115,UNIT 126,3,16,19.66666667,Diploma,Diploma,6,SPECIALIST DIPLOMA IN LEARNING AND INSTRUCTION,YES,Diploma,SPECIALIST DIPLOMA IN LEARNING AND INSTRUCTION,NO,NO,NO,1,1,1,0,0,NO,NO,NO,4,EXECUTIVE,PUBLIC,6,NONE,NO,0,1,1,4.57,0,-31.81034162,-22.80297209
10000119,Male,Singapore,Singaporean,NA,0,NA,NA,NA,48,40 and Above,Marr.,RANK 22,MIDDLE ME,3,ACTIVE,MILITARY REGULARS,SERVICE D,SERVICE C,MDES,24.75,VOCATION 59,UNIT 136,2,5,6,Secondary,GCE 'O' Level,4,GCE 'O' LEVEL,NO,NONE,NONE,NO,NO,NO,0,0,0,0,0,NO,NO,NO,1,4-ROOM,PUBLIC,4,NONE,NO,0,2,4,17.23960153,0,-8.902648561,6.709349522
10000120,Male,Singapore,Singaporean,NA,0,NA,NA,NA,52,40 and Above,Marr.,RANK 31,SENIOR WOSE,3,ACTIVE,MILITARY REGULARS,SERVICE D,SERVICE C,PP-EWOS,34.83333333,VOCATION 94,UNIT 401,1,25,25,Primary,PSLE/PSPE,2,NOT AVAILABLE,NO,NONE,NONE,NO,NO,NO,1,1,0,0,0,NO,NO,NO,4,EXECUTIVE,PUBLIC,6,NONE,NO,0,1,4,5.08,1,-28.07824062,-23.16019729
10000122,Male,Singapore,Singaporean,02/02/2011,1,2,Q1,2011,47,40 and Above,Single,RANK 2,MIDDLE WOSE,1,WITHDRAWN,MILITARY REGULARS,SERVICE D,SERVICE C,PP-EWOS,26.75,VOCATION 125,UNIT 290,0,0,0,Technical Education,NTC2/NITEC,5,AUTOMOTIVE TECHNOLOGY(LIGHT VEHICLES),NO,NONE,NONE,NO,NO,NO,1,1,1,1,0,YES,YES,YES,3,3-ROOM,PUBLIC,3,NONE,NO,0,3,5,7.67,0,0,0
10000127,Male,Singapore,Singaporean,NA,0,NA,NA,NA,41,40 and Above,Marr.,RANK 22,MIDDLE ME,3,ACTIVE,MILITARY REGULARS,SERVICE A,SERVICE A,MDES,15.08333333,VOCATION 236,UNIT 233,0,0,0,Secondary,GCE 'N' Level,3,GCE 'N' LEVEL,NO,NONE,NONE,NO,NO,NO,1,1,0,0,0,YES,YES,YES,3,3-ROOM,PUBLIC,3,NONE,NO,0,1,3,18.57,2,1.48806198,8.423837954
10000128,Male,Singapore,Singaporean,NA,0,NA,NA,NA,42,40 and Above,Marr.,RANK 22,MIDDLE ME,3,ACTIVE,MILITARY REGULARS,SERVICE A,SERVICE A,MDES,21.41666667,VOCATION 236,UNIT 334,0,0,0,Secondary,GCE 'O' Level,4,GCE 'O' LEVEL,NO,NONE,NONE,YES,NO,NO,1,0,0,0,0,YES,YES,YES,2,3-ROOM,PUBLIC,3,NONE,NO,0,1,4,18.55,0,-17.79920422,7.950651567
10000129,Male,Singapore,Singaporean,NA,0,NA,NA,NA,43,40 and Above,Marr.,RANK 22,MIDDLE ME,3,ACTIVE,MILITARY REGULARS,SERVICE A,SERVICE A,MDES,23.16666667,VOCATION 236,UNIT 376,2,11,12,Diploma,Diploma,6,DIPLOMA IN MARINE ENGINEERING,NO,NONE,NONE,NO,NO,NO,1,1,0,0,0,NO,NO,NO,1,EXECUTIVE,PUBLIC,6,NONE,NO,0,2,3,9.06,0,-7.772408929,7.179325353
10000133,Male,Singapore,Singaporean,NA,0,NA,NA,NA,42,40 and Above,Marr.,RANK 22,MIDDLE ME,3,ACTIVE,MILITARY REGULARS,SERVICE B,SERVICE B,MDES,23.58333333,VOCATION 12,UNIT 110,2,8,9,Diploma,Advanced Diploma,7,ADVANCED DIPLOMA IN QUALITY ENGINEERING AND MANAGEMENT,NO,NONE,NONE,NO,NO,NO,1,1,0,0,0,YES,YES,NO,1,EXECUTIVE,PUBLIC,6,4-ROOM,YES,2,1,3,13.73,0,-18.31537134,10.30563577
10000134,Male,Singapore,Singaporean,NA,0,NA,NA,NA,40,36 to 40,Marr.,RANK 18,MIDDLE OFFICER,2,ACTIVE,MILITARY REGULARS,SERVICE B,SERVICE B,SAVER-EOS,17.16666667,VOCATION 80,UNIT 194,0,0,0,Diploma,Diploma,6,DIPLOMA IN MANUFACTURING ENGINEERING,NO,NONE,NONE,NO,NO,NO,1,1,1,0,0,NO,NO,NO,1,PRIVATE NON-LANDED,PRIVATE,7,NONE,NO,0,2,4,8.79,0,-14.22477588,13.49678257
10000135,Male,Singapore,Singaporean,NA,0,NA,NA,NA,40,36 to 40,Marr.,RANK 18,MIDDLE OFFICER,3,ACTIVE,MILITARY REGULARS,SERVICE A,SERVICE A,SAVER-EOS,18.91666667,VOCATION 203,UNIT 274,2,7,9.5,Diploma,Diploma,6,DIPLOMA IN ELECTRONIC,,,,,,,,,,,,,,,,,,,,,,,,,,,
10000136,Male,Singapore,Singaporean,NA,0,NA,NA,NA,41,40 and Above,Marr.,RANK 17,MIDDLE OFFICER,1,ACTIVE,MILITARY REGULARS,SERVICE A,SERVICE A,SAVER-EOS,18,VOCATION 203,UNIT 409,0,0,0,Diploma,Diploma,6,DIPLOMA IN NAUTICAL STUDIES,NO,NONE,NONE,YES,NO,NO,1,1,1,1,0,NO,NO,NO,5,5-ROOM,PUBLIC,5,5-ROOM,YES,0,0,4,20.74,1,-14.2775128,13.18987364
10000138,Male,Singapore,Singaporean,NA,0,NA,NA,NA,43,40 and Above,Divorc,RANK 22,MIDDLE ME,3,ACTIVE,MILITARY REGULARS,SERVICE C,SERVICE C,MDES,24.91666667,VOCATION 154,UNIT 222,1,3,3,Diploma,Diploma,6,DIPLOMA IN MULTIMEDIA AND INFOCOMM TECHNOLOGY,NO,NONE,NONE,NO,YES,NO,0,0,0,0,0,NO,NO,NO,3,3-ROOM,PUBLIC,3,5-ROOM,YES,-2,2,3,18.67,0,-7.845868367,6.555360623
10000139,Male,Singapore,Singaporean,18/02/2012,1,2,Q1,2012,40,36 to 40,Marr.,RANK 2,MIDDLE WOSE,1,WITHDRAWN,MILITARY REGULARS,SERVICE D,SERVICE C,PP-EWOS,20.08333333,VOCATION 94,UNIT 402,2,8,10,Secondary,GCE 'O' Level,4,GCE 'O' LEVEL,NO,NONE,NONE,NO,NO,NO,1,1,1,1,0,NO,NO,NO,3,5-ROOM,PUBLIC,5,NONE,NO,0,3,4,17.23960153,2,-5.116992779,-18.14523017
10000140,Male,Singapore,Singaporean,NA,0,NA,NA,NA,41,40 and Above,Marr.,RANK 22,MIDDLE ME,3,ACTIVE,MILITARY REGULARS,SERVICE A,SERVICE A,MDES,24.58333333,VOCATION 236,UNIT 39,2,2,6,Diploma,Diploma,6,DIPLOMA IN ELECTRONICS AND COMMUNICATION ENGINEERING,NO,NONE,NONE,NO,NO,NO,0,0,0,0,0,YES,YES,NO,1,4-ROOM,PUBLIC,4,OVERSEAS,YES,0,3,1,22.13,0,4.496340161,6.839053848
10000143,Male,Singapore,Singaporean,NA,0,NA,NA,NA,42,40 and Above,Marr.,RANK 22,MIDDLE ME,1,ACTIVE,MILITARY REGULARS,SERVICE A,SERVICE A,MDES,23.66666667,VOCATION 236,UNIT 413,2,3,4,Technical Education,NTC2/NITEC,5,MARINE MECHANICAL,NO,NONE,NONE,NO,NO,NO,1,1,1,1,0,YES,YES,YES,2,LANDED,PRIVATE,8,EXECUTIVE,YES,2,1,5,38.62,0,-6.246652227,8.851577177
10000144,Male,Singapore,Singaporean,NA,0,NA,NA,NA,41,40 and Above,Marr.,RANK 17,MIDDLE OFFICER,1,ACTIVE,MILITARY REGULARS,SERVICE B,SERVICE B,SAVER-EOS,22.41666667,VOCATION 251,UNIT 242,1,9,9,University,Honours Degree,9,BACHELOR OF ENGINEERING (SECOND CLASS HONOURS (LOWER)),NO,NONE,NONE,NO,NO,NO,1,1,1,1,0,YES,YES,YES,1,LANDED,PRIVATE,8,NONE,NO,0,2,5,29.79,0,-15.09906183,9.783496615
10000145,Male,Singapore,Singaporean,NA,0,NA,NA,NA,42,40 and Above,Marr.,RANK 5,MIDDLE WOSE,7,ACTIVE,MILITARY REGULARS,SERVICE B,SERVICE B,PP-EWOS,23.41666667,VOCATION 6,UNIT 36,2,14,16,Technical Education,ITC/Higher NITEC,5,HIGHER NATIONAL ITE CERTIFICATE IN ELECTRONICS ENGINEERING,NO,NONE,NONE,NO,NO,NO,0,0,0,0,0,YES,YES,NO,1,4-ROOM,PUBLIC,4,PRIVATE NON-LANDED,YES,-3,1,3,32.45,0,-30.59893358,-23.10367715
10000146,Male,Singapore,Singaporean,NA,0,NA,NA,NA,44,40 and Above,Marr.,RANK 22,MIDDLE ME,3,ACTIVE,MILITARY REGULARS,SERVICE B,SERVICE B,MDES,24.16666667,VOCATION 12,UNIT 124,1,8,8,Diploma,Diploma,6,DIPLOMA IN MECHANICAL ENGINEERING,NO,NONE,NONE,NO,NO,NO,0,0,0,0,0,YES,YES,NO,1,4-ROOM,PUBLIC,4,NONE,NO,0,1,3,6.06,0,-7.221099713,7.101372369
10000147,Male,Singapore,Singaporean,NA,0,NA,NA,NA,40,36 to 40,Marr.,RANK 5,MIDDLE WOSE,5,ACTIVE,MILITARY REGULARS,SERVICE A,SERVICE A,PP-EWOS,22.08333333,VOCATION 196,UNIT 172,1,4,4,Secondary,GCE 'O' Level,4,GCE 'O' LEVEL,NO,NONE,NONE,NO,NO,NO,0,0,0,0,0,NO,NO,NO,2,5-ROOM,PUBLIC,5,NONE,NO,0,3,5,6.5,0,-27.73964683,-21.01495643
10000148,Male,Singapore,Singaporean,NA,0,NA,NA,NA,46,40 and Above,Marr.,RANK 28,SENIOR ME,3,ACTIVE,MILITARY REGULARS,SERVICE C,SERVICE D,MDES,27.16666667,VOCATION 163,UNIT 222,2,11,14.5,University,Master,10,MASTER OF SCIENCE,NO,NONE,NONE,NO,NO,NO,0,0,0,0,0,YES,NO,NO,4,LANDED,PRIVATE,8,NONE,NO,0,2,3,10.98,1,-19.32566522,6.052322261
10000151,Male,Singapore,Singaporean,01/05/2012,1,5,Q2,2012,45,40 and Above,Marr.,RANK 22,MIDDLE ME,2,WITHDRAWN,MILITARY REGULARS,SERVICE B,SERVICE B,MDES,25.91666667,VOCATION 12,UNIT 152,2,18,19.5,Diploma,Diploma,6,DIPLOMA IN ELECTRONIC,,,,,,,,,,,,,,,,,,,,,,,,,,,
10000152,Male,Singapore,Singaporean,NA,0,NA,NA,NA,45,40 and Above,Marr.,RANK 22,MIDDLE ME,3,ACTIVE,MILITARY REGULARS,SERVICE D,SERVICE C,MDES,24.33333333,VOCATION 168,UNIT 380,0,0,0,Technical Education,NTC2/NITEC,5,NATIONAL ITE CERTIFICATE IN NURSING (CERTIFICATE OF MERIT),NO,NONE,NONE,NO,NO,NO,0,0,0,0,0,NO,NO,NO,6,4-ROOM,PUBLIC,4,NONE,NO,0,1,3,19.59,1,-2.80594229,6.80806621
10000153,Male,Singapore,Singaporean,04/10/2010,1,10,Q4,2010,43,40 and Above,Marr.,RANK 10,SENIOR OFFICER,6,ACTIVE,NATIONAL SERVICEMEN,SERVICE E,SERVICE C,SAVER-EOS,24.5,VOCATION 44,UNIT 295,2,10,11.5,University,Master,10,MASTER OF DEFENCE STUDIES,NO,NONE,NONE,NO,NO,NO,0,0,0,0,0,NO,NO,NO,4,LANDED,PRIVATE,8,NONE,NO,0,3,5,13.38,0,0,0
10000154,Male,Singapore,Singaporean,NA,0,NA,NA,NA,46,40 and Above,Marr.,RANK 22,MIDDLE ME,3,ACTIVE,MILITARY REGULARS,SERVICE A,SERVICE A,MDES,26.16666667,VOCATION 236,UNIT 413,2,16,18,Technical Education,ITE/Poly Certificate,5,ELECTRICAL FITTING AND INSTALLATION(DOMESTIC),NO,NONE,NONE,NO,NO,NO,0,0,0,0,0,YES,YES,NO,3,5-ROOM,PUBLIC,5,NONE,NO,0,1,4,38.99,0,4.928591493,7.169364635
10000158,Male,Singapore,Singaporean,NA,0,NA,NA,NA,49,40 and Above,Marr.,RANK 18,MIDDLE OFFICER,14,ACTIVE,MILITARY REGULARS,SERVICE B,SERVICE B,Full CPF (SAVER-EOS),24.91666667,VOCATION 76,UNIT 11,1,17,17,Diploma,Diploma,6,DIPLOMA IN SHIPBUILDING AND OFFSHORE ENGINEERING,NO,NONE,NONE,NO,NO,NO,0,0,0,0,0,NO,NO,NO,2,PRIVATE NON-LANDED,PRIVATE,7,NONE,NO,0,2,5,23.28,0,-18.36251171,4.980236266
10000159,Male,Singapore,Singaporean,NA,0,NA,NA,NA,48,40 and Above,Marr.,RANK 22,MIDDLE ME,3,ACTIVE,MILITARY REGULARS,SERVICE F,SERVICE B,MDES,31.41666667,VOCATION 16,UNIT 262,4,21,22,Secondary,GCE 'O' Level,4,GCE 'O' LEVEL,NO,NONE,NONE,NO,NO,NO,0,0,0,0,0,YES,YES,YES,2,3-ROOM,PUBLIC,3,NONE,NO,0,1,3,10.39,2,-14.90461995,7.442713846
10000160,Male,Singapore,Singaporean,20/06/2011,1,6,Q2,2011,44,40 and Above,Marr.,RANK 17,MIDDLE OFFICER,2,ACTIVE,NATIONAL SERVICEMEN,SERVICE B,SERVICE B,SAVER-EOS,23.25,VOCATION 78,UNIT 247,1,18,18,University,Pass Degree,8,BACHELOR OF SCIENCE,NO,NONE,NONE,NO,NO,NO,1,1,1,0,0,YES,YES,YES,2,PRIVATE NON-LANDED,PRIVATE,7,NONE,NO,0,3,5,6.12,0,0,0
10000161,Male,Singapore,Singaporean,NA,0,NA,NA,NA,51,40 and Above,Marr.,RANK 22,MIDDLE ME,3,ACTIVE,MILITARY REGULARS,SERVICE B,SERVICE B,MDES,32.91666667,VOCATION 12,UNIT 17,1,26,26,Secondary,GCE 'O' Level,4,GCE 'O' LEVEL,NO,NONE,NONE,NO,NO,NO,1,0,0,0,0,YES,NO,NO,1,5-ROOM,PUBLIC,5,NONE,NO,0,0,3,5.11,0,3.641133927,9.274734895
10000163,Male,Singapore,Singaporean,04/06/2013,1,6,Q2,2013,50,40 and Above,Marr.,RANK 22,MIDDLE ME,3,WITHDRAWN,MILITARY REGULARS,SERVICE A,SERVICE A,MDES,32.16666667,VOCATION 237,UNIT 335,4,19,19,Technical Education,ITE/Poly Certificate,5,STEELWORK,NO,NONE,NONE,NO,NO,NO,1,1,0,0,0,YES,YES,NO,2,3-ROOM,PUBLIC,3,NONE,NO,0,1,3,22.53,0,6.398062589,6.969961931
10000164,Male,Singapore,Singaporean,01/04/2011,1,4,Q2,2011,49,40 and Above,Marr.,RANK 30,MIDDLE WOSE,7,WITHDRAWN,MILITARY REGULARS,SERVICE D,SERVICE C,PP-EWOS,25.83333333,VOCATION 289,UNIT 419,1,13,13,Primary,PSLE/PSPE,2,NOT AVAILABLE,NO,NONE,NONE,NO,NO,NO,0,0,0,0,0,NO,NO,NO,2,5-ROOM,PUBLIC,5,NONE,NO,0,0,3,21.02,0,0,0
10000166,Male,Singapore,Singaporean,NA,0,NA,NA,NA,50,40 and Above,Marr.,RANK 22,MIDDLE ME,3,ACTIVE,MILITARY REGULARS,SERVICE B,SERVICE B,MDES,31.41666667,VOCATION 12,UNIT 110,3,21,23.33333333,Secondary,GCE 'O' Level,4,GCE 'O' LEVEL,NO,NONE,NONE,NO,NO,NO,0,0,0,0,0,YES,YES,YES,2,5-ROOM,PUBLIC,5,NONE,NO,0,1,3,14.71,0,-16.66445593,7.089410942
10000168,Male,Singapore,Singaporean,NA,0,NA,NA,NA,51,40 and Above,Marr.,RANK 23,MIDDLE ME,3,ACTIVE,MILITARY REGULARS,SERVICE B,SERVICE B,MDES,32.75,VOCATION 31,UNIT 54,2,12,13.5,Technical Education,ITE/Poly Certificate,5,DIESEL MECHANICAL,NO,NONE,NONE,NO,NO,NO,1,0,0,0,0,NO,NO,NO,8,4-ROOM,PUBLIC,4,NONE,NO,0,2,3,34.21,0,-7.0529893,7.665350262
10000170,Male,Singapore,Singaporean,NA,0,NA,NA,NA,55,40 and Above,Marr.,RANK 22,MIDDLE ME,3,ACTIVE,MILITARY REGULARS,SERVICE B,SERVICE B,MDES,35.83333333,VOCATION 12,UNIT 111,3,19,21.33333333,Secondary,GCE 'N' Level,3,GCE 'N' LEVEL,NO,NONE,NONE,NO,NO,NO,0,0,0,0,0,YES,YES,NO,1,4-ROOM,PUBLIC,4,NONE,NO,0,2,1,17.23960153,0,-9.04337715,6.922416306
10000172,Male,Singapore,Singaporean,NA,0,NA,NA,NA,54,40 and Above,Marr.,RANK 31,SENIOR WOSE,7,ACTIVE,MILITARY REGULARS,SERVICE B,SERVICE B,PP-EWOS,36.41666667,VOCATION 293,UNIT 283,1,25,25,Secondary,GCE 'O' Level,4,GCE 'O' LEVEL,NO,NONE,NONE,NO,NO,NO,0,0,0,0,0,YES,YES,NO,3,5-ROOM,PUBLIC,5,NONE,NO,0,1,3,17.23960153,0,-30.03273985,-23.35691192
10000173,Male,Singapore,Singaporean,NA,0,NA,NA,NA,54,40 and Above,Marr.,RANK 22,MIDDLE ME,3,ACTIVE,MILITARY REGULARS,SERVICE B,SERVICE B,MDES,35.33333333,VOCATION 12,UNIT 111,3,14,16.66666667,Secondary,GCE 'O' Level,4,GCE 'O' LEVEL,NO,NONE,NONE,NO,NO,NO,0,0,0,0,0,YES,YES,NO,3,EXECUTIVE,PUBLIC,6,NONE,NO,0,2,1,17.23960153,0,-6.95387262,11.07891743
10000175,Male,Singapore,Singaporean,19/10/2010,1,10,Q4,2010,50,40 and Above,Marr.,RANK 22,MIDDLE ME,0,WITHDRAWN,MILITARY REGULARS,SERVICE A,SERVICE A,MDES,34.33333333,VOCATION 236,UNIT 274,2,16,17.5,Secondary,GCE 'O' Level,4,GCE 'O' LEVEL,NO,NONE,NONE,NO,NO,NO,0,0,0,0,0,NO,NO,NO,2,5-ROOM,PUBLIC,5,NONE,NO,0,1,1,17.23960153,0,0,0
10000178,Male,Singapore,Singaporean,NA,0,NA,NA,NA,42,40 and Above,Marr.,RANK 22,MIDDLE ME,3,ACTIVE,MILITARY REGULARS,SERVICE F,SERVICE B,MDES,25.16666667,VOCATION 12,UNIT 260,1,17,17,Secondary,GCE 'O' Level,4,GCE 'O' LEVEL,NO,NONE,NONE,NO,NO,NO,0,0,0,0,0,YES,YES,NO,5,3-ROOM,PUBLIC,3,NONE,NO,0,0,3,13.05,0,-10.22926488,9.2401467
10000182,Male,Singapore,Singaporean,NA,0,NA,NA,NA,44,40 and Above,Marr.,RANK 17,MIDDLE OFFICER,6,ACTIVE,MILITARY REGULARS,SERVICE B,SERVICE B,SAVER-EOS,24.91666667,VOCATION 137,UNIT 244,4,6,9.25,Pre University,GCE 'A' Level,6,GCE 'A' LEVEL,NO,NONE,NONE,NO,NO,NO,0,0,0,0,0,NO,NO,NO,1,LANDED,PRIVATE,8,NONE,NO,0,2,5,15.62,0,-10.95978247,10.3682882
10000184,Male,Singapore,Singaporean,NA,0,NA,NA,NA,41,40 and Above,Marr.,RANK 10,SENIOR OFFICER,0,ACTIVE,MILITARY REGULARS,SERVICE A,SERVICE A,SAVER-EOS,23.66666667,VOCATION 203,UNIT 179,3,8,9.333333333,University,Honours Degree,9,BACHELOR OF ENGINEERING (FIRST CLASS HONOURS),NO,NONE,NONE,NO,NO,NO,2,2,2,2,1,YES,NO,NO,2,LANDED,PRIVATE,8,NONE,NO,0,2,3,24.74,0,-17.00731348,9.486072667
10000188,Male,Singapore,Singaporean,08/09/2012,1,9,Q3,2012,40,36 to 40,Marr.,RANK 39,MIDDLE WOSE,7,WITHDRAWN,MILITARY REGULARS,SERVICE D,SERVICE C,PP-EWOS,3,VOCATION 92,UNIT 228,0,0,0,Secondary,GCE 'O' Level,4,GCE 'O' LEVEL,NO,NONE,NONE,NO,NO,NO,0,0,0,0,0,YES,YES,NO,2,5-ROOM,PUBLIC,5,NONE,NO,0,1,3,5.88,0,-43.14612567,-19.67663259
10000190,Male,Singapore,Singaporean,NA,0,NA,NA,NA,41,40 and Above,Marr.,RANK 5,MIDDLE WOSE,2,ACTIVE,MILITARY REGULARS,SERVICE D,SERVICE C,PP-EWOS,22.33333333,VOCATION 70,UNIT 298,3,5,7.666666667,Secondary,GCE 'N' Level,3,GCE 'N' LEVEL,NO,NONE,NONE,NO,NO,NO,2,2,1,0,0,YES,YES,NO,3,EXECUTIVE,PUBLIC,6,NONE,NO,0,2,4,15.32,0,-25.91953968,-22.44295316
10000192,Male,Singapore,Singaporean,NA,0,NA,NA,NA,44,40 and Above,Marr.,RANK 21,JUNIOR ME,3,ACTIVE,MILITARY REGULARS,SERVICE D,SERVICE C,MDES,22.66666667,VOCATION 154,UNIT 398,2,5,9,Diploma,Diploma,6,DIPLOMA IN BUSINESS STUDIES,NO,NONE,NONE,NO,NO,NO,0,0,0,0,0,YES,YES,YES,1,4-ROOM,PUBLIC,4,NONE,NO,0,2,4,34.53,0,-6.644351134,6.784918474
10000194,Male,Singapore,Singaporean,NA,0,NA,NA,NA,44,40 and Above,Marr.,RANK 17,MIDDLE OFFICER,4,ACTIVE,MILITARY REGULARS,SERVICE D,SERVICE C,SAVER-EOS,21.58333333,VOCATION 109,UNIT 229,1,13,13,Diploma,Diploma,6,DIPLOMA IN BUSINESS STUDIES,NO,NONE,NONE,NO,NO,NO,1,0,0,0,0,YES,YES,YES,1,LANDED,PRIVATE,8,NONE,NO,0,2,5,18.88,0,-9.360754288,10.77470226
10000195,Male,Singapore,Singaporean,NA,0,NA,NA,NA,41,40 and Above,Marr.,RANK 27,SENIOR ME,3,ACTIVE,MILITARY REGULARS,SERVICE C,SERVICE C,MDES,21.08333333,VOCATION 59,UNIT 294,2,2,7,University,Master,10,MASTER OF TECHNOLOGY,NO,NONE,NONE,NO,NO,NO,1,1,0,0,0,YES,YES,YES,4,EXECUTIVE,PUBLIC,6,NONE,NO,0,3,5,22.47,0,-7.224066385,7.819540476
10000197,Male,Singapore,Singaporean,12/04/2013,1,4,Q2,2013,45,40 and Above,Marr.,RANK 18,MIDDLE OFFICER,10,ACTIVE,NATIONAL SERVICEMEN,SERVICE B,SERVICE B,Full CPF (SAVER-EOS),25.58333333,VOCATION 252,UNIT 262,1,12,12,Diploma,Diploma,6,DIPLOMA IN ELECTRICAL ENGINEERING,NO,NONE,NONE,NO,NO,NO,0,0,0,0,0,YES,YES,YES,1,PRIVATE NON-LANDED,PRIVATE,7,NONE,NO,0,1,5,5.07,0,-21.04018519,4.980236266
10000198,Male,Singapore,Singaporean,NA,0,NA,NA,NA,46,40 and Above,Marr.,RANK 27,SENIOR ME,3,ACTIVE,MILITARY REGULARS,SERVICE A,SERVICE A,MDES,24.25,VOCATION 234,UNIT 318,3,4,11.66666667,University,Honours Degree,9,BACHELOR OF ENGINEERING (SECOND CLASS HONOURS (UPPER)),NO,NONE,NONE,NO,NO,NO,0,0,0,0,0,YES,YES,YES,1,EXECUTIVE,PUBLIC,6,NONE,NO,0,3,4,23.03,0,-13.30455121,7.514052738
10000199,Male,Singapore,Singaporean,NA,0,NA,NA,NA,45,40 and Above,Marr.,RANK 22,MIDDLE ME,2,ACTIVE,MILITARY REGULARS,SERVICE B,SERVICE B,MDES,25.16666667,VOCATION 12,UNIT 93,2,9,11.5,Secondary,GCE 'O' Level,4,GCE 'O' LEVEL,NO,NONE,NONE,NO,NO,NO,1,1,1,0,0,YES,YES,NO,1,5-ROOM,PUBLIC,5,3-ROOM,YES,2,0,3,11.76,0,-6.902783305,6.662677239
10000201,Male,Singapore,Singaporean,NA,0,NA,NA,NA,49,40 and Above,Marr.,RANK 22,MIDDLE ME,3,ACTIVE,MILITARY REGULARS,SERVICE B,SERVICE B,MDES,31.41666667,VOCATION 12,UNIT 115,2,17,18.5,Secondary,GCE 'O' Level,4,GCE 'O' LEVEL,NO,NONE,NONE,NO,NO,NO,0,0,0,0,0,YES,YES,NO,2,EXECUTIVE,PUBLIC,6,4-ROOM,YES,2,1,4,17.23960153,0,-14.20267951,8.746690323
10000203,Male,Singapore,Singaporean,NA,0,NA,NA,NA,48,40 and Above,Marr.,RANK 27,SENIOR ME,3,ACTIVE,MILITARY REGULARS,SERVICE A,SERVICE A,MDES,28.16666667,VOCATION 234,UNIT 266,2,14,15.5,University,Honours Degree,9,BACHELOR OF ENGINEERING (SECOND CLASS HONOURS (LOWER)),NO,NONE,NONE,NO,NO,NO,0,0,0,0,0,NO,NO,NO,1,PRIVATE NON-LANDED,PRIVATE,7,NONE,NO,0,1,3,17.23960153,0,-11.0675928,6.163962985
10000204,Male,Singapore,Singaporean,NA,0,NA,NA,NA,47,40 and Above,Marr.,RANK 5,MIDDLE WOSE,12,ACTIVE,MILITARY REGULARS,SERVICE D,SERVICE C,PP-EWOS,28.41666667,VOCATION 125,UNIT 391,2,13,15.5,Secondary,GCE 'O' Level,4,GCE 'O' LEVEL,NO,NONE,NONE,NO,NO,NO,0,0,0,0,0,NO,NO,NO,4,5-ROOM,PUBLIC,5,NONE,NO,0,1,5,19.19,0,-29.34118608,-24.48286225
10000205,Male,Singapore,Singaporean,NA,0,NA,NA,NA,46,40 and Above,Marr.,RANK 2,MIDDLE WOSE,5,ACTIVE,MILITARY REGULARS,SERVICE D,SERVICE C,PP-EWOS,29.58333333,VOCATION 125,UNIT 229,1,21,21,Diploma,Diploma,6,SPECIALIST DIPLOMA IN LEARNING AND INSTRUCTION,YES,Diploma,SPECIALIST DIPLOMA IN LEARNING AND INSTRUCTION,NO,NO,NO,0,0,0,0,0,YES,YES,NO,2,5-ROOM,PUBLIC,5,NONE,NO,0,3,5,9.32,0,-39.89772891,-23.0539012
10000206,Male,Singapore,Singaporean,02/02/2011,1,2,Q1,2011,43,40 and Above,Marr.,RANK 17,MIDDLE OFFICER,8,ACTIVE,NATIONAL SERVICEMEN,SERVICE D,SERVICE C,SAVER-EOS,23.66666667,VOCATION 127,UNIT 181,1,9,9,University,Pass Degree,8,BACHELOR OF BUSINESS ADMINISTRATION,NO,NONE,NONE,NO,NO,NO,0,0,0,0,0,NO,NO,NO,1,PRIVATE NON-LANDED,PRIVATE,7,NONE,NO,0,3,4,17.23960153,0,0,0
10000207,Male,Singapore,Singaporean,NA,0,NA,NA,NA,45,40 and Above,Marr.,RANK 26,SENIOR ME,3,ACTIVE,MILITARY REGULARS,SERVICE B,SERVICE B,MDES,25.41666667,VOCATION 11,UNIT 124,0,0,0,University,Honours Degree,9,BACHELOR OF SCIENCE WITH HONOURS UPPER SECOND CLASS IN ENGINEERING BUSINESS MANAGMENT,NO,NONE,NONE,NO,NO,NO,0,0,0,0,0,YES,YES,NO,1,PRIVATE NON-LANDED,PRIVATE,7,NONE,NO,0,1,4,12.43,0,-18.54599662,1.076197053
10000208,Male,Singapore,Singaporean,NA,0,NA,NA,NA,46,40 and Above,Marr.,RANK 22,MIDDLE ME,3,ACTIVE,MILITARY REGULARS,SERVICE B,SERVICE B,MDES,22.16666667,VOCATION 12,UNIT 29,2,6,8,Diploma,Diploma,6,DIPLOMA IN MECHANICAL ENGINEERING,NO,NONE,NONE,NO,NO,NO,0,0,0,0,0,YES,YES,NO,7,5-ROOM,PUBLIC,5,NONE,NO,0,2,5,23.18,0,-17.18463339,9.837143476
10000209,Male,Singapore,Singaporean,NA,0,NA,NA,NA,47,40 and Above,Marr.,RANK 22,MIDDLE ME,3,ACTIVE,MILITARY REGULARS,SERVICE B,SERVICE B,MDES,17.75,VOCATION 12,UNIT 109,1,12,12,Diploma,Diploma,6,DIPLOMA IN MECHANICAL ENGINEERING,NO,NONE,NONE,NO,NO,NO,1,1,0,0,0,YES,YES,NO,3,EXECUTIVE,PUBLIC,6,NONE,NO,0,2,4,20.34,0,-8.940841298,9.120177758
10000210,Male,Singapore,Singaporean,NA,0,NA,NA,NA,45,40 and Above,Marr.,RANK 2,MIDDLE WOSE,0,ACTIVE,MILITARY REGULARS,SERVICE D,SERVICE C,PP-EWOS,27.41666667,VOCATION 114,UNIT 126,3,10,15.33333333,Diploma,Advanced Diploma,7,SPECIALIST ADVANCED DIPLOMA IN LEARNING AND INSTRUCTION,YES,Advanced Diploma,SPECIALIST ADVANCED DIPLOMA IN LEARNING AND INSTRUCTION,NO,NO,NO,1,1,1,1,1,NO,NO,NO,6,5-ROOM,PUBLIC,5,NONE,NO,0,2,5,12.93,0,-30.53379256,-22.38418602
10000213,Male,Singapore,Singaporean,NA,0,NA,NA,NA,51,40 and Above,Marr.,RANK 23,MIDDLE ME,0,ACTIVE,MILITARY REGULARS,SERVICE B,SERVICE B,MDES,34.58333333,VOCATION 12,UNIT 109,2,15,17.5,Secondary,GCE 'O' Level,4,GCE 'O' LEVEL,NO,NONE,NONE,NO,NO,NO,1,1,1,1,1,YES,YES,NO,3,5-ROOM,PUBLIC,5,NONE,NO,0,2,3,27.55,0,-5.535998896,11.07888577
10000215,Male,Singapore,Singaporean,NA,0,NA,NA,NA,52,40 and Above,Marr.,RANK 5,MIDDLE WOSE,13,ACTIVE,MILITARY REGULARS,SERVICE D,SERVICE C,PP-EWOS,34.08333333,VOCATION 264,UNIT 248,2,21,22.5,Secondary,GCE 'O' Level,4,GCE 'O' LEVEL,NO,NONE,NONE,NO,NO,NO,0,0,0,0,0,NO,NO,NO,1,EXECUTIVE,PUBLIC,6,NONE,NO,0,2,3,0,0,-30.13920442,-24.48286225
10000218,Male,Singapore,Singaporean,NA,0,NA,NA,NA,50,40 and Above,Marr.,RANK 23,MIDDLE ME,3,ACTIVE,MILITARY REGULARS,SERVICE A,SERVICE A,MDES,32.83333333,VOCATION 236,UNIT 265,2,20,20.5,Secondary,GCE 'O' Level,4,GCE 'O' LEVEL,NO,NONE,NONE,NO,NO,NO,0,0,0,0,0,YES,YES,YES,3,EXECUTIVE,PUBLIC,6,NONE,NO,0,2,1,17.23960153,0,-5.201136655,7.463995669
10000221,Male,Singapore,Singaporean,NA,0,NA,NA,NA,52,40 and Above,Marr.,RANK 22,MIDDLE ME,3,ACTIVE,MILITARY REGULARS,SERVICE D,SERVICE C,MDES,30.16666667,VOCATION 59,UNIT 63,3,12,19.66666667,Technical Education,NTC2/NITEC,5,VEHICLE MECHANICS,NO,NONE,NONE,NO,NO,NO,0,0,0,0,0,YES,YES,YES,1,5-ROOM,PUBLIC,5,NONE,NO,0,0,3,2.38,0,-11.0517346,6.949196422
10000222,Male,Singapore,Singaporean,NA,0,NA,NA,NA,51,40 and Above,Marr.,RANK 22,MIDDLE ME,3,ACTIVE,MILITARY REGULARS,SERVICE B,SERVICE B,MDES,34.33333333,VOCATION 12,UNIT 109,4,10,13.5,Secondary,GCE 'O' Level,4,GCE 'O' LEVEL,NO,NONE,NONE,NO,NO,NO,0,0,0,0,0,YES,YES,NO,1,5-ROOM,PUBLIC,5,NONE,NO,0,2,1,23.76,0,0.616920635,6.95113582
10000223,Male,Malaysia,Singaporean,01/07/2010,1,7,Q3,2010,55,40 and Above,Marr.,RANK 22,MIDDLE ME,0,WITHDRAWN,MILITARY REGULARS,SERVICE D,SERVICE C,MDES,37.5,VOCATION 59,UNIT 136,1,31,31,Secondary,GCE 'O' Level,4,GCE 'O' LEVEL,NO,NONE,NONE,NO,NO,NO,0,0,0,0,0,YES,YES,YES,1,3-ROOM,PUBLIC,3,NONE,NO,0,1,3,17.23960153,0,0,0
10000224,Male,China,Singaporean,NA,0,NA,NA,NA,55,40 and Above,Marr.,RANK 22,MIDDLE ME,3,ACTIVE,MILITARY REGULARS,SERVICE A,SERVICE A,MDES,37.5,VOCATION 236,UNIT 301,3,16,20,Diploma,Diploma,6,DIPLOMA IN ELECTRONICS AND COMMUNICATION ENGINEERING,NO,NONE,NONE,NO,NO,NO,0,0,0,0,0,YES,NO,NO,2,PRIVATE NON-LANDED,PRIVATE,7,NONE,NO,0,1,1,16.72,0,-9.110408873,6.119505387
10000225,Male,Singapore,Singaporean,04/05/2010,1,5,Q2,2010,51,40 and Above,Marr.,RANK 2,MIDDLE WOSE,6,WITHDRAWN,MILITARY REGULARS,SERVICE D,SERVICE C,Premium Plan 2,32.75,VOCATION 4,UNIT 156,2,25,26.5,Secondary,GCE 'O' Level,4,GCE 'O' LEVEL,NO,NONE,NONE,NO,NO,NO,0,0,0,0,0,NO,NO,NO,2,5-ROOM,PUBLIC,5,NONE,NO,0,1,3,28.59,0,0,0
10000227,Male,Singapore,Singaporean,NA,0,NA,NA,NA,43,40 and Above,Marr.,RANK 22,MIDDLE ME,3,ACTIVE,MILITARY REGULARS,SERVICE A,SERVICE A,MDES,22.41666667,VOCATION 236,UNIT 405,2,12,14,Diploma,Diploma,6,DIPLOMA IN ELECTRONICS AND COMMUNICATION ENGINEERING,NO,NONE,NONE,NO,NO,NO,0,0,0,0,0,YES,NO,NO,1,5-ROOM,PUBLIC,5,NONE,NO,0,1,1,14.89,0,-6.336644496,6.650758724
10000228,Male,Singapore,Singaporean,NA,0,NA,NA,NA,42,40 and Above,Marr.,RANK 22,MIDDLE ME,3,ACTIVE,MILITARY REGULARS,SERVICE B,SERVICE B,MDES,21.16666667,VOCATION 31,UNIT 52,1,8,8,Secondary,GCE 'O' Level,4,GCE 'O' LEVEL,NO,NONE,NONE,NO,NO,NO,1,0,0,0,0,YES,YES,YES,1,4-ROOM,PUBLIC,4,5-ROOM,YES,-1,2,4,14.17,0,-18.8616869,8.077936513
10000229,Male,Singapore,Singaporean,NA,0,NA,NA,NA,44,40 and Above,Marr.,RANK 31,SENIOR WOSE,1,ACTIVE,MILITARY REGULARS,SERVICE D,SERVICE C,PP-EWOS,25.16666667,VOCATION 94,UNIT 183,2,15,16,Secondary,GCE 'O' Level,4,GCE 'O' LEVEL,NO,NONE,NONE,NO,NO,NO,1,1,1,1,0,NO,NO,NO,2,5-ROOM,PUBLIC,5,NONE,NO,0,2,5,15.14,0,-28.18927766,-21.8483984
10000230,Male,Singapore,Singaporean,02/05/2010,1,5,Q2,2010,40,36 to 40,Divorc,RANK 30,MIDDLE WOSE,2,WITHDRAWN,MILITARY REGULARS,SERVICE C,SERVICE C,Premium Plan 2,19.91666667,VOCATION 39,UNIT 186,1,13,13,Secondary,GCE 'N' Level,3,GCE 'N' LEVEL,NO,NONE,NONE,NO,NO,NO,1,1,1,0,0,NO,NO,NO,1,PRIVATE NON-LANDED,PRIVATE,7,NONE,NO,0,2,5,0,0,0,0
10000231,Male,Singapore,Singaporean,NA,0,NA,NA,NA,40,36 to 40,Marr.,RANK 18,MIDDLE OFFICER,4,ACTIVE,MILITARY REGULARS,SERVICE B,SERVICE B,SAVER-EOS,19,VOCATION 253,UNIT 273,2,8,9.5,Diploma,Diploma,6,DIPLOMA IN BUILDING SERVICES ENGINEERING,NO,NONE,NONE,NO,NO,NO,1,0,0,0,0,NO,NO,NO,1,5-ROOM,PUBLIC,5,NONE,NO,0,1,3,21.72,0,-10.149782,10.33072814
10000232,Male,Singapore,Singaporean,NA,0,NA,NA,NA,42,40 and Above,Marr.,RANK 21,JUNIOR ME,3,ACTIVE,MILITARY REGULARS,SERVICE D,SERVICE C,MDES,22.16666667,VOCATION 59,UNIT 304,3,11,16.66666667,Secondary,GCE 'N' Level,3,GCE 'N' LEVEL,NO,NONE,NONE,NO,NO,NO,0,0,0,0,0,NO,NO,NO,1,5-ROOM,PUBLIC,5,4-ROOM,YES,1,2,3,17.23960153,0,-11.12723784,7.535367925
10000233,Male,Singapore,Singaporean,02/10/2013,1,10,Q4,2013,40,36 to 40,Marr.,RANK 12,MIDDLE OFFICER,7,ACTIVE,NATIONAL SERVICEMEN,SERVICE D,SERVICE C,SAVER-EOS,19.25,VOCATION 109,UNIT 135,1,7,7,Diploma,Diploma,6,DIPLOMA IN CIVIL AND STRUCTURAL ENGINEERING,NO,NONE,NONE,NO,NO,NO,0,0,0,0,0,YES,NO,NO,1,5-ROOM,PUBLIC,5,NONE,NO,0,2,4,21.29,0,-13.02169344,7.606751298
10000234,Male,Singapore,Singaporean,01/10/2013,1,10,Q4,2013,44,40 and Above,Marr.,RANK 18,MIDDLE OFFICER,8,ACTIVE,NATIONAL SERVICEMEN,SERVICE A,SERVICE A,SAVER-EOS,22.58333333,VOCATION 127,UNIT 174,3,11,14,Pre University,GCE 'A' Level,6,GCE 'A' LEVEL,NO,NONE,NONE,NO,NO,NO,0,0,0,0,0,NO,NO,NO,1,4-ROOM,PUBLIC,4,NONE,NO,0,2,5,26.77,0,-23.78061952,6.968630949
10000235,Male,Singapore,Singaporean,NA,0,NA,NA,NA,42,40 and Above,Marr.,RANK 22,MIDDLE ME,3,ACTIVE,MILITARY REGULARS,SERVICE A,SERVICE A,MDES,23.66666667,VOCATION 236,UNIT 218,2,11,13.5,Secondary,GCE 'O' Level,4,GCE 'O' LEVEL,NO,NONE,NONE,NO,NO,NO,0,0,0,0,0,NO,NO,NO,1,3-ROOM,PUBLIC,3,NONE,NO,0,1,5,21.33,0,-12.51222031,7.371243132
10000238,Male,Singapore,Singaporean,NA,0,NA,NA,NA,43,40 and Above,Marr.,RANK 18,MIDDLE OFFICER,5,ACTIVE,MILITARY REGULARS,SERVICE C,SERVICE C,SAVER-EOS,23.08333333,VOCATION 262,UNIT 297,4,6,8.75,Pre University,GCE 'A' Level,6,GCE 'A' LEVEL,NO,NONE,NONE,NO,NO,NO,0,0,0,0,0,NO,NO,NO,1,5-ROOM,PUBLIC,5,NONE,NO,0,2,4,10.82,0,-12.62351564,9.73681075
10000239,Male,Singapore,Singaporean,NA,0,NA,NA,NA,42,40 and Above,Marr.,RANK 18,MIDDLE OFFICER,3,ACTIVE,MILITARY REGULARS,SERVICE C,SERVICE B,SAVER-EOS,19.66666667,VOCATION 10,UNIT 295,2,8,9.5,Diploma,Diploma,6,DIPLOMA IN ELECTRICAL ENGINEERING,NO,NONE,NONE,NO,NO,NO,1,1,0,0,0,NO,NO,NO,3,PRIVATE NON-LANDED,PRIVATE,7,NONE,NO,0,1,4,16.86,0,-11.33053555,10.35437891
10000240,Male,Singapore,Singaporean,NA,0,NA,NA,NA,46,40 and Above,Marr.,RANK 38,SENIOR OFFICER,1,ACTIVE,MILITARY REGULARS,SERVICE D,SERVICE C,Full CPF (SAVER-EOS),27.41666667,VOCATION 68,UNIT 275,2,12,13,University,Honours Degree,9,BACHELOR OF SCIENCE (SECOND CLASS HONOURS (LOWER)),NO,NONE,NONE,NO,NO,NO,1,1,1,1,0,YES,YES,YES,2,PRIVATE NON-LANDED,PRIVATE,7,NONE,NO,0,2,5,13.41,0,-16.38783306,8.541942991
10000241,Male,Singapore,Singaporean,NA,0,NA,NA,NA,49,40 and Above,Marr.,RANK 17,MIDDLE OFFICER,12,ACTIVE,MILITARY REGULARS,SERVICE D,SERVICE C,Full CPF (SAVER-EOS),30.08333333,,,,,,,,,,,,,,,,,,,,,,,,,,,,,,,,,,,,
10000242,Male,Singapore,Singaporean,NA,0,NA,NA,NA,49,40 and Above,Marr.,RANK 10,SENIOR OFFICER,9,ACTIVE,MILITARY REGULARS,SERVICE D,SERVICE C,Full CPF (SAVER-EOS),30.41666667,VOCATION 68,UNIT 241,3,18,20,University,Master,10,MASTER OF SCIENCE,NO,NONE,NONE,NO,NO,NO,0,0,0,0,0,YES,YES,NO,4,EXECUTIVE,PUBLIC,6,4-ROOM,YES,2,3,1,27.45,0,-17.15230694,4.517784856
10000244,Male,Singapore,Singaporean,NA,0,NA,NA,NA,49,40 and Above,Marr.,RANK 2,MIDDLE WOSE,9,ACTIVE,MILITARY REGULARS,SERVICE D,SERVICE C,PP-EWOS,32.83333333,VOCATION 94,UNIT 402,3,17,19.33333333,Primary,PSLE/PSPE,2,NOT AVAILABLE,NO,NONE,NONE,NO,NO,NO,0,0,0,0,0,NO,NO,NO,5,EXECUTIVE,PUBLIC,6,NONE,NO,0,3,3,5.95,0,-34.64398138,-25.04310947
10000245,Male,Singapore,Singaporean,19/10/2012,1,10,Q4,2012,47,40 and Above,Marr.,RANK 27,SENIOR ME,2,ACTIVE,NATIONAL SERVICEMEN,SERVICE A,SERVICE A,MDES,26.33333333,VOCATION 234,UNIT 321,3,18,19.66666667,University,Pass Degree,8,BACHELOR OF SCIENCE IN FINANCE,YES,Pass Degree,BACHELOR OF SCIENCE IN FINANCE,NO,NO,NO,1,1,1,0,0,NO,NO,NO,2,EXECUTIVE,PUBLIC,6,NONE,NO,0,2,5,14.95,0,-19.80479979,6.461783621
10000249,Male,Singapore,Singaporean,NA,0,NA,NA,NA,45,40 and Above,Marr.,RANK 17,MIDDLE OFFICER,7,ACTIVE,MILITARY REGULARS,SERVICE D,SERVICE C,Full CPF (SAVER-EOS),26.41666667,VOCATION 127,UNIT 250,2,6,7,University,Master,10,MASTER OF BUSINESS ADMINISTRATION,NO,NONE,NONE,NO,NO,NO,0,0,0,0,0,YES,YES,YES,1,LANDED,PRIVATE,8,NONE,NO,0,1,4,27.9,0,-17.47901767,10.11278058
10000251,Male,Singapore,Singaporean,NA,0,NA,NA,NA,47,40 and Above,Marr.,RANK 2,MIDDLE WOSE,4,ACTIVE,MILITARY REGULARS,SERVICE D,SERVICE C,PP-EWOS,29.58333333,VOCATION 125,UNIT 422,1,10,10,Secondary,GCE 'O' Level,4,GCE 'O' LEVEL,NO,NONE,NONE,NO,NO,NO,1,0,0,0,0,NO,NO,NO,1,PRIVATE NON-LANDED,PRIVATE,7,NONE,NO,0,2,5,5.16,0,-30.31887045,-21.97793355
10000252,Male,Singapore,Singaporean,NA,0,NA,NA,NA,46,40 and Above,Marr.,RANK 23,MIDDLE ME,3,ACTIVE,MILITARY REGULARS,SERVICE B,SERVICE B,MDES,25.41666667,VOCATION 12,UNIT 93,3,9,13.33333333,Diploma,Diploma,6,DIPLOMA IN MECHANICAL ENGINEERING,NO,NONE,NONE,NO,NO,NO,1,0,0,0,0,YES,YES,NO,4,5-ROOM,PUBLIC,5,NONE,NO,0,2,3,15.62,0,-16.11424066,13.91983836
10000253,Male,Singapore,Singaporean,NA,0,NA,NA,NA,48,40 and Above,Marr.,RANK 2,MIDDLE WOSE,6,ACTIVE,MILITARY REGULARS,SERVICE D,SERVICE C,PP-EWOS,31.83333333,VOCATION 125,UNIT 214,3,14,20.33333333,Secondary,GCE 'O' Level,4,NOT AVAILABLE,NO,NONE,NONE,NO,NO,NO,0,0,0,0,0,NO,NO,NO,2,5-ROOM,PUBLIC,5,NONE,NO,0,1,3,17.23960153,0,-27.77838209,-23.80904075
10000254,Male,Singapore,Singaporean,NA,0,NA,NA,NA,52,40 and Above,Marr.,RANK 22,MIDDLE ME,3,ACTIVE,MILITARY REGULARS,SERVICE A,SERVICE A,MDES,34.33333333,VOCATION 236,UNIT 166,3,12,15.66666667,Secondary,GCE 'O' Level,4,GCE 'O' LEVEL,NO,NONE,NONE,NO,NO,NO,0,0,0,0,0,YES,YES,YES,4,5-ROOM,PUBLIC,5,NONE,NO,0,2,1,16.47,0,-9.147697341,6.801067141
10000256,Male,Malaysia,Singaporean,01/11/2012,1,11,Q4,2012,55,40 and Above,Marr.,RANK 23,MIDDLE ME,2,WITHDRAWN,MILITARY REGULARS,SERVICE A,SERVICE A,MDES,37.25,VOCATION 236,UNIT 269,2,17,20,Diploma,Diploma,6,SPECIALIST DIPLOMA IN LEARNING SCIENCE,YES,Diploma,SPECIALIST DIPLOMA IN LEARNING SCIENCE,NO,NO,NO,0,0,0,0,0,YES,NO,NO,2,4-ROOM,PUBLIC,4,NONE,NO,0,1,3,32.61,0,199.4263117,-30.94696877
10000257,Male,Malaysia,Singaporean,01/02/2013,1,2,Q1,2013,57,40 and Above,Marr.,RANK 22,MIDDLE ME,2,WITHDRAWN,MILITARY REGULARS,SERVICE A,SERVICE A,MDES,37.41666667,VOCATION 236,UNIT 44,2,19,20.5,Secondary,GCE 'O' Level,4,NOT AVAILABLE,NO,NONE,NONE,NO,NO,NO,0,0,0,0,0,YES,NO,NO,1,EXECUTIVE,PUBLIC,6,NONE,NO,0,2,4,37.81,0,-11.29125975,6.759970472
10000259,Male,Singapore,Singaporean,NA,0,NA,NA,NA,49,40 and Above,Marr.,RANK 5,MIDDLE WOSE,7,ACTIVE,MILITARY REGULARS,SERVICE D,SERVICE C,PP-EWOS,12.91666667,VOCATION 176,UNIT 381,4,12,22.25,Technical Education,ITE/Poly Certificate,5,BOILER REPAIRS AND MAINTENANCE,NO,NONE,NONE,NO,NO,NO,0,0,0,0,0,NO,NO,NO,2,EXECUTIVE,PUBLIC,6,NONE,NO,0,1,3,17.23960153,1,-29.29687332,-21.92084762
10000260,Male,Singapore,Singaporean,02/05/2013,1,5,Q2,2013,50,40 and Above,Marr.,RANK 22,MIDDLE ME,3,ACTIVE,MILITARY REGULARS,SERVICE A,SERVICE A,MDES,32.33333333,VOCATION 236,UNIT 46,2,14,17,Secondary,GCE 'O' Level,4,GCE 'O' LEVEL,NO,NONE,NONE,NO,NO,NO,1,1,0,0,0,YES,NO,NO,1,5-ROOM,PUBLIC,5,NONE,NO,0,0,3,36.33,0,-8.534062427,6.788084901
10000261,Male,Singapore,Singaporean,NA,0,NA,NA,NA,50,40 and Above,Marr.,RANK 5,MIDDLE WOSE,13,ACTIVE,MILITARY REGULARS,SERVICE D,SERVICE C,PP-EWOS,33.83333333,VOCATION 94,UNIT 398,4,14,22,Primary,PSLE/PSPE,2,NOT AVAILABLE,NO,NONE,NONE,NO,NO,NO,0,0,0,0,0,YES,YES,YES,4,4-ROOM,PUBLIC,4,NONE,NO,0,2,4,17.23960153,0,-27.12986356,-24.48286225
10000262,Male,Malaysia,Singaporean,NA,0,NA,NA,NA,58,40 and Above,Marr.,RANK 22,MIDDLE ME,3,ACTIVE,MILITARY REGULARS,SERVICE A,SERVICE A,MDES,38.58333333,VOCATION 236,UNIT 413,3,17,22.66666667,Secondary,GCE 'O' Level,4,GCE 'O' LEVEL,NO,NONE,NONE,NO,NO,NO,0,0,0,0,0,YES,NO,NO,1,5-ROOM,PUBLIC,5,NONE,NO,0,1,3,17.23960153,0,-9.339767703,6.690217489
10000263,Male,Malaysia,Singaporean,NA,0,NA,NA,NA,58,40 and Above,Marr.,RANK 22,MIDDLE ME,3,ACTIVE,MILITARY REGULARS,SERVICE A,SERVICE A,MDES,38.33333333,VOCATION 236,UNIT 274,2,26,27,Secondary,GCE 'O' Level,4,GCE 'O' LEVEL,NO,NONE,NONE,NO,NO,NO,0,0,0,0,0,NO,NO,NO,2,EXECUTIVE,PUBLIC,6,NONE,NO,0,1,3,16.32,0,-0.174979919,6.638114442
10000264,Male,Malaysia,Singaporean,NA,0,NA,NA,NA,49,40 and Above,Marr.,RANK 38,SENIOR OFFICER,3,ACTIVE,MILITARY REGULARS,SERVICE D,SERVICE A,Full CPF (SAVER-EOS),29.83333333,VOCATION 203,UNIT 386,2,17,18.5,University,Master,10,MASTER OF SCIENCE,NO,NONE,NONE,NO,NO,NO,1,1,0,0,0,YES,NO,NO,5,LANDED,PRIVATE,8,NONE,NO,0,1,3,31.29,0,-22.46223121,5.451102126
10000267,Male,Singapore,Singaporean,NA,0,NA,NA,NA,52,40 and Above,Marr.,RANK 31,SENIOR WOSE,4,ACTIVE,MILITARY REGULARS,SERVICE D,SERVICE C,PP-EWOS,33.66666667,VOCATION 264,UNIT 149,3,16,17.66666667,Diploma,Diploma,6,DIPLOMA IN BUSINESS AND COMMERCE,NO,NONE,NONE,NO,NO,NO,1,0,0,0,0,NO,NO,NO,2,EXECUTIVE,PUBLIC,6,NONE,NO,0,2,1,6.96,0,-30.33507831,-23.22923176
10000271,Male,Singapore,Singaporean,NA,0,NA,NA,NA,49,40 and Above,Marr.,RANK 22,MIDDLE ME,3,ACTIVE,MILITARY REGULARS,SERVICE D,SERVICE C,MDES,31.16666667,VOCATION 59,UNIT 253,3,16,18.66666667,Secondary,GCE 'O' Level,4,GCE 'O' LEVEL,NO,NONE,NONE,NO,NO,NO,0,0,0,0,0,NO,NO,NO,1,5-ROOM,PUBLIC,5,NONE,NO,0,1,3,28.52,0,-11.01062623,6.534256661
10000272,Male,Malaysia,Singaporean,NA,0,NA,NA,NA,51,40 and Above,Marr.,RANK 22,MIDDLE ME,3,ACTIVE,MILITARY REGULARS,SERVICE B,SERVICE B,MDES,34.33333333,VOCATION 12,UNIT 112,3,13,14.66666667,Secondary,GCE 'O' Level,4,GCE 'O' LEVEL,NO,NONE,NONE,NO,NO,NO,0,0,0,0,0,YES,YES,NO,3,5-ROOM,PUBLIC,5,NONE,NO,0,1,4,30.17,0,0.629756199,6.922416306
10000274,Male,Singapore,Singaporean,NA,0,NA,NA,NA,56,40 and Above,Marr.,RANK 26,SENIOR ME,3,ACTIVE,MILITARY REGULARS,SERVICE B,SERVICE B,MDES,38.58333333,VOCATION 11,UNIT 213,0,0,0,Diploma,Diploma,6,NOT AVAILABLE,NO,NONE,NONE,NO,NO,NO,0,0,0,0,0,YES,NO,NO,3,4-ROOM,PUBLIC,4,NONE,NO,0,1,3,14.86,0,-13.29048633,9.441780326
10000276,Male,Singapore,Singaporean,NA,0,NA,NA,NA,42,40 and Above,Marr.,RANK 22,MIDDLE ME,3,ACTIVE,MILITARY REGULARS,SERVICE A,SERVICE A,MDES,23.58333333,VOCATION 236,UNIT 341,0,0,0,Secondary,GCE 'O' Level,4,GCE 'O' LEVEL,NO,NONE,NONE,NO,NO,NO,1,0,0,0,0,YES,YES,NO,1,3-ROOM,PUBLIC,3,NONE,NO,0,1,4,21.94,0,-20.11709774,6.73449636
10000277,Male,Singapore,Singaporean,NA,0,NA,NA,NA,40,36 to 40,Marr.,RANK 18,MIDDLE OFFICER,3,ACTIVE,MILITARY REGULARS,SERVICE B,SERVICE B,SAVER-EOS,17.91666667,VOCATION 252,UNIT 17,3,3,6.333333333,Diploma,Diploma,6,DIPLOMA IN MECHANICAL ENGINEERING,NO,NONE,NONE,NO,NO,NO,1,1,0,0,0,NO,NO,NO,1,3-ROOM,PUBLIC,3,NONE,NO,0,3,5,22.22,0,-8.615919363,10.65154097
10000278,Male,Singapore,Singaporean,NA,0,NA,NA,NA,40,36 to 40,Marr.,RANK 17,MIDDLE OFFICER,0,ACTIVE,MILITARY REGULARS,SERVICE D,SERVICE C,SAVER-EOS,21.5,VOCATION 44,UNIT 271,2,6,7,University,Master,10,MASTER OF SCIENCE,NO,NONE,NONE,NO,NO,NO,1,1,1,1,1,YES,YES,NO,1,5-ROOM,PUBLIC,5,NONE,NO,0,2,4,16.92,0,-10.54557911,6.028769363
10000279,Male,Singapore,Singaporean,NA,0,NA,NA,NA,44,40 and Above,Marr.,RANK 38,SENIOR OFFICER,1,ACTIVE,MILITARY REGULARS,SERVICE D,SERVICE C,SAVER-EOS,23.41666667,VOCATION 44,UNIT 135,1,11,11,University,Honours Degree,9,BACHELOR OF ENGINEERING (SECOND CLASS HONOURS (LOWER)),NO,NONE,NONE,NO,NO,NO,1,1,1,1,0,YES,YES,YES,6,EXECUTIVE,PUBLIC,6,NONE,NO,0,1,3,38.96,0,-17.00748267,9.517147576
10000281,Male,Singapore,Singaporean,NA,0,NA,NA,NA,41,40 and Above,Divorc,RANK 22,MIDDLE ME,3,ACTIVE,MILITARY REGULARS,SERVICE A,SERVICE A,MDES,21.16666667,VOCATION 236,UNIT 326,2,10,10.5,Technical Education,ITC/Higher NITEC,5,ELECTRONICS ENGINEERING,NO,NONE,NONE,NO,YES,NO,0,0,0,0,0,NO,NO,NO,1,4-ROOM,PUBLIC,4,EXECUTIVE,YES,-2,2,3,37.59,0,0.765105825,10.33611025
10000282,Male,Singapore,Singaporean,NA,0,NA,NA,NA,42,40 and Above,Marr.,RANK 17,MIDDLE OFFICER,5,ACTIVE,MILITARY REGULARS,SERVICE B,SERVICE B,Full CPF (SAVER-EOS),15.58333333,VOCATION 76,UNIT 251,2,3,7.5,Pre University,GCE 'A' Level,6,GCE 'A' LEVEL,NO,NONE,NONE,NO,NO,NO,0,0,0,0,0,YES,YES,NO,1,LANDED,PRIVATE,8,NONE,NO,0,1,4,20.7,0,-12.44131794,10.69148874
10000285,Male,Singapore,Singaporean,NA,0,NA,NA,NA,41,40 and Above,Marr.,RANK 17,MIDDLE OFFICER,2,ACTIVE,MILITARY REGULARS,SERVICE A,SERVICE A,SAVER-EOS,21.66666667,VOCATION 203,UNIT 327,0,0,0,University,Pass Degree,8,BACHELOR OF COMMERCE,NO,NONE,NONE,NO,NO,NO,1,1,1,0,0,NO,NO,NO,2,EXECUTIVE,PUBLIC,6,NONE,NO,0,2,4,9.62,0,-15.13158029,12.16287431
10000286,Male,Singapore,Singaporean,NA,0,NA,NA,NA,40,36 to 40,Marr.,RANK 17,MIDDLE OFFICER,1,ACTIVE,MILITARY REGULARS,SERVICE A,SERVICE A,SAVER-EOS,21.66666667,VOCATION 203,UNIT 274,1,6,6,University,Honours Degree,9,BACHELOR OF ENGINEERING (SECOND CLASS HONOURS (UPPER)),YES,Qualification From Professional Bodies,ADVANCED COURSE IN LEARNING SCIENCE,NO,NO,NO,1,1,1,1,0,YES,YES,NO,3,PRIVATE NON-LANDED,PRIVATE,7,NONE,NO,0,2,5,14.6,0,-22.23816563,7.50230492
10000287,Male,Singapore,Singaporean,03/10/2010,1,10,Q4,2010,38,36 to 40,Marr.,RANK 12,MIDDLE OFFICER,7,ACTIVE,NATIONAL SERVICEMEN,SERVICE B,SERVICE B,SAVER-EOS,15.66666667,VOCATION 253,UNIT 19,3,4,5.666666667,Pre University,GCE 'A' Level,6,GCE 'A' LEVEL,NO,NONE,NONE,NO,NO,NO,0,0,0,0,0,YES,NO,NO,2,EXECUTIVE,PUBLIC,6,PRIVATE NON-LANDED,YES,-1,2,5,7.27,0,0,0
10000288,Male,Singapore,Singaporean,01/09/2013,1,9,Q3,2013,40,36 to 40,Marr.,RANK 18,MIDDLE OFFICER,3,ACTIVE,NATIONAL SERVICEMEN,SERVICE B,SERVICE B,SAVER-EOS,17.25,VOCATION 10,UNIT 210,1,9,9,Diploma,Diploma,6,DIPLOMA IN MECHANICAL ENGINEERING,NO,NONE,NONE,NO,NO,NO,1,1,0,0,0,YES,YES,NO,4,5-ROOM,PUBLIC,5,NONE,NO,0,2,5,14.02,0,-11.48713955,10.72342508
10000289,Male,Singapore,Singaporean,20/09/2012,1,9,Q3,2012,43,40 and Above,Marr.,RANK 22,MIDDLE ME,2,WITHDRAWN,MILITARY REGULARS,SERVICE B,SERVICE B,MDES,23.25,VOCATION 12,UNIT 146,3,11,12,Diploma,Advanced Diploma,7,ADVANCED DIPLOMA IN AEROSPACE ENGINEERING & MANAGEMENT,YES,Advanced Diploma,ADVANCED DIPLOMA IN AEROSPACE ENGINEERING & MANAGEMENT,NO,NO,NO,0,0,0,0,0,YES,NO,NO,5,PRIVATE NON-LANDED,PRIVATE,7,NONE,NO,0,1,3,0,0,-10.43925184,-17.22276834
10000291,Male,Singapore,Singaporean,03/05/2013,1,5,Q2,2013,44,40 and Above,Marr.,RANK 17,MIDDLE OFFICER,4,ACTIVE,NATIONAL SERVICEMEN,SERVICE B,SERVICE B,SAVER-EOS,24.91666667,VOCATION 80,UNIT 273,1,4,4,University,Pass Degree,8,BACHELOR OF BUSINESS ADMINISTRATION,NO,NONE,NONE,NO,NO,NO,1,0,0,0,0,YES,YES,NO,2,PRIVATE NON-LANDED,PRIVATE,7,NONE,NO,0,2,5,16.29,0,-10.57869397,10.06487344
10000292,Male,Singapore,Singaporean,NA,0,NA,NA,NA,41,40 and Above,Marr.,RANK 21,JUNIOR ME,3,ACTIVE,MILITARY REGULARS,SERVICE A,SERVICE A,MDES,23.16666667,VOCATION 236,UNIT 343,4,4,9.75,Primary,Without PSLE/PSPE Pass,1,NOT AVAILABLE,NO,NONE,NONE,NO,NO,NO,1,0,0,0,0,NO,NO,NO,1,4-ROOM,PUBLIC,4,NONE,NO,0,2,4,0,2,4.828469211,7.994439954
10000295,Male,Singapore,Singaporean,01/05/2011,1,5,Q2,2011,44,40 and Above,Single,RANK 21,JUNIOR ME,1,WITHDRAWN,MILITARY REGULARS,SERVICE B,SERVICE B,MDES,22.91666667,VOCATION 12,UNIT 152,0,0,0,Technical Education,NTC2/NITEC,5,REFRIGERATION AND AIR-CON,NO,NONE,NONE,NO,NO,NO,0,0,0,0,0,NO,NO,NO,1,3-ROOM,PUBLIC,3,NONE,NO,0,1,5,17.23960153,0,0,0
10000296,Male,Singapore,Singaporean,NA,0,NA,NA,NA,46,40 and Above,Marr.,RANK 22,MIDDLE ME,3,ACTIVE,MILITARY REGULARS,SERVICE D,SERVICE C,MDES,26.75,VOCATION 59,UNIT 304,3,0,6,Technical Education,ITE/Poly Certificate,5,AUTOMOTIVE TECHNOLOGY,NO,NONE,NONE,NO,NO,NO,0,0,0,0,0,NO,NO,NO,1,5-ROOM,PUBLIC,5,NONE,NO,0,0,3,17.23960153,0,0.727507115,7.470508277
10000298,Male,Malaysia,Singaporean,NA,0,NA,NA,NA,47,40 and Above,Marr.,RANK 27,SENIOR ME,3,ACTIVE,MILITARY REGULARS,SERVICE D,SERVICE C,MDES,25,VOCATION 59,UNIT 330,3,11,14.33333333,University,Master,10,MASTER OF SCIENCE (LOGISTICS),NO,NONE,NONE,NO,NO,NO,0,0,0,0,0,YES,NO,NO,4,5-ROOM,PUBLIC,5,NONE,NO,0,2,3,13.82,0,-14.86273718,7.185956041
10000299,Male,Singapore,Singaporean,01/09/2011,1,9,Q3,2011,45,40 and Above,Marr.,RANK 22,MIDDLE ME,1,WITHDRAWN,MILITARY REGULARS,SERVICE C,SERVICE C,MDES,26,VOCATION 157,UNIT 40,2,6,9,Diploma,Diploma,6,DIPLOMA IN ELECTRONIC,,,,,,,,,,,,,,,,,,,,,,,,,,,
10000300,Male,Singapore,Singaporean,NA,0,NA,NA,NA,48,40 and Above,Marr.,RANK 22,MIDDLE ME,3,ACTIVE,MILITARY REGULARS,SERVICE G,SERVICE C,MDES,31.83333333,VOCATION 59,UNIT 385,2,13,14.5,Technical Education,ITE/Poly Certificate,5,MOTOR VEHICLE MECHANICAL,NO,NONE,NONE,NO,NO,NO,0,0,0,0,0,YES,YES,NO,3,5-ROOM,PUBLIC,5,NONE,NO,0,2,4,8.29,0,-17.35151829,9.000416536
10000301,Male,Singapore,Singaporean,NA,0,NA,NA,NA,45,40 and Above,Marr.,RANK 18,MIDDLE OFFICER,11,ACTIVE,MILITARY REGULARS,SERVICE D,SERVICE C,Full CPF (SAVER-EOS),23.5,VOCATION 121,UNIT 162,2,14,15,Pre University,GCE 'A' Level,6,GCE 'A' LEVEL,NO,NONE,NONE,NO,NO,NO,0,0,0,0,0,YES,NO,NO,5,PRIVATE NON-LANDED,PRIVATE,7,NONE,NO,0,2,3,17.23960153,0,-14.39784222,4.980236266
10000302,Male,Singapore,Singaporean,NA,0,NA,NA,NA,46,40 and Above,Marr.,RANK 22,MIDDLE ME,3,ACTIVE,MILITARY REGULARS,SERVICE B,SERVICE B,MDES,28.66666667,VOCATION 12,UNIT 109,2,5,10.5,Diploma,Diploma,6,DIPLOMA IN MECHANICAL ENGINEERING,NO,NONE,NONE,NO,NO,NO,0,0,0,0,0,YES,YES,NO,1,4-ROOM,PUBLIC,4,NONE,NO,0,2,5,22.69,0,-9.923200245,7.025599617
10000303,Male,Singapore,Singaporean,NA,0,NA,NA,NA,47,40 and Above,Marr.,RANK 21,JUNIOR ME,3,ACTIVE,MILITARY REGULARS,SERVICE D,SERVICE C,MDES,26.41666667,VOCATION 59,UNIT 304,0,0,0,Technical Education,ITE/Poly Certificate,5,MOTOR VEHICLE MECHANICAL,NO,NONE,NONE,NO,NO,NO,0,0,0,0,0,NO,NO,NO,1,3-ROOM,PUBLIC,3,NONE,NO,0,1,3,20.89,1,-22.99323939,6.16801648
10000304,Male,Singapore,Singaporean,NA,0,NA,NA,NA,45,40 and Above,Marr.,RANK 17,MIDDLE OFFICER,8,ACTIVE,MILITARY REGULARS,SERVICE D,SERVICE C,Full CPF (SAVER-EOS),26.41666667,VOCATION 121,UNIT 290,2,14,15.5,University,Honours Degree,9,BACHELOR OF ENGINEERING (SECOND CLASS HONOURS (LOWER)),NO,NONE,NONE,NO,NO,NO,0,0,0,0,0,YES,YES,NO,4,PRIVATE NON-LANDED,PRIVATE,7,NONE,NO,0,3,5,13.16,0,-21.43003716,5.037899608
10000306,Male,Singapore,Singaporean,NA,0,NA,NA,NA,51,40 and Above,Marr.,RANK 22,MIDDLE ME,3,ACTIVE,MILITARY REGULARS,SERVICE D,SERVICE C,MDES,32,VOCATION 59,UNIT 63,5,7,13.6,Technical Education,ITC/Higher NITEC,5,AUTOMOTIVE ENGINEERING,NO,NONE,NONE,NO,NO,NO,0,0,0,0,0,NO,NO,NO,1,5-ROOM,PUBLIC,5,NONE,NO,0,1,3,23.05,0,11.51858546,7.626309904
10000307,Male,Malaysia,Singaporean,NA,0,NA,NA,NA,57,40 and Above,Marr.,RANK 22,MIDDLE ME,3,ACTIVE,MILITARY REGULARS,SERVICE A,SERVICE A,MDES,40.5,VOCATION 236,UNIT 258,2,24,26,Secondary,GCE 'O' Level,4,GCE 'O' LEVEL,NO,NONE,NONE,NO,NO,NO,0,0,0,0,0,NO,NO,NO,1,5-ROOM,PUBLIC,5,NONE,NO,0,1,3,0,0,-1.673048304,5.847831839
10000308,Male,Malaysia,Singaporean,NA,0,NA,NA,NA,57,40 and Above,Marr.,RANK 22,MIDDLE ME,3,ACTIVE,MILITARY REGULARS,SERVICE B,SERVICE B,MDES,41.08333333,VOCATION 18,UNIT 111,2,29,30,Secondary,GCE 'O' Level,4,GCE 'O' LEVEL,NO,NONE,NONE,NO,NO,NO,0,0,0,0,0,YES,YES,NO,1,EXECUTIVE,PUBLIC,6,NONE,NO,0,1,1,11.24,0,-13.00094052,6.529033246
10000309,Male,Singapore,Singaporean,23/02/2010,1,2,Q1,2010,46,40 and Above,Divorc,RANK 2,MIDDLE WOSE,2,WITHDRAWN,MILITARY REGULARS,SERVICE D,SERVICE C,Premium Plan 2,29.08333333,VOCATION 275,UNIT 254,1,16,16,Primary,PSLE/PSPE,2,NOT AVAILABLE,NO,NONE,NONE,NO,NO,NO,1,1,1,0,0,NO,NO,NO,3,4-ROOM,PUBLIC,4,NONE,NO,0,3,1,17.23960153,1,0,0
10000310,Male,Malaysia,Singaporean,NA,0,NA,NA,NA,57,40 and Above,Marr.,RANK 22,MIDDLE ME,3,ACTIVE,MILITARY REGULARS,SERVICE A,SERVICE A,MDES,40.5,VOCATION 236,UNIT 45,2,23,24,Technical Education,ITE/Poly Certificate,5,DIESEL MECHANICAL,NO,NONE,NONE,NO,NO,NO,0,0,0,0,0,NO,NO,NO,4,EXECUTIVE,PUBLIC,6,NONE,NO,0,1,1,11.68,0,-9.032642416,4.102448437
10000311,Male,Malaysia,Singaporean,01/06/2011,1,6,Q2,2011,55,40 and Above,Marr.,RANK 22,MIDDLE ME,1,ACTIVE,MILITARY REGULARS,SERVICE A,SERVICE A,MDES,38.08333333,VOCATION 236,UNIT 180,1,22,22,Technical Education,ITE/Poly Certificate,5,MARINE FITTING,NO,NONE,NONE,NO,NO,NO,0,0,0,0,0,NO,NO,NO,2,PRIVATE NON-LANDED,PRIVATE,7,PRIVATE NON-LANDED,YES,-2,2,4,15.4,0,0,0
